"sp1","sp2","lnk","comp"
"CGGGACTTAACCCAACATCTCACGACACGAGCTGACGACAGCCATGCAGCACCTGTGTTACGGTTCTCTTTCGAGCACACCTCGATCTCTCGTGGCTTCCGTACATGTCAAGGGTAGGTAAGGTTTTTCGCGTTGCATCGAATTAATCCACATCATCCACCGCTTGTGCGGGTCCCCGTCAATTCCTTTGAGTTTTAATCTTGCGACCGTACTCCCCAGGCGGTCTACTTCACGCGTTAGCTGCGTTACCAAGTTAATTAAAACCCGACAACTAGTAGACATCGTTTAGGGCGTGGACTAC","CGGGACTTAACCCAACATCTCACGACACGAGCTGACGACAACCATGCACCACCTGTATACCGACCTTGCGGGGCGACCATCTCTGGACGTTTCCGGTATATGTCAAGCCTTGGTAAGGTTCTTCGCGTTGCATCGAATTAATCCGCATGCTCCGCCGCTTGTGCGGGCCCCCGTCAATTCCTTTGAGTTTTAGCCTTGCGGCCGTACTCCCCAGGCGGGGAACTTAATGCGTTAGCTGCGACACGGAGACCGTGGAATGGCCCCCACATCTAGTTCCCAACGTTTACGGCATGGACTAC","Commensalism",2269
"CGGGACTTAACCCAACATCTCACGACACGAGCTGACGACAGCCATGCAGCACCTGTGTTACGGTTCTCTTTCGAGCACACCTCGATCTCTCGTGGCTTCCGTACATGTCAAGGGTAGGTAAGGTTTTTCGCGTTGCATCGAATTAATCCACATCATCCACCGCTTGTGCGGGTCCCCGTCAATTCCTTTGAGTTTTAATCTTGCGACCGTACTCCCCAGGCGGTCTACTTCACGCGTTAGCTGCGTTACCAAGTTAATTAAAACCCGACAACTAGTAGACATCGTTTAGGGCGTGGACTAC","CGGGACTTAACCCAACATCTCACGACACGAGCTGACGACAGCCATGCACCACCTGTACACCGACAAAAAGGGGCACCATCTCTGATGCTTTCCGGCGTATGTCAAACCCAGGTAAGGTTCTTCGCGTTGCATCGAATTAATCCGCATGCTCCGCCGCTTGTGCGGGCCCCCGTCAATTCCTTTGAGTTTTAGCCTTGCGGCCGTACTCCCCAGGCGGGGCGCTTAATGCGTTAGCTGCGGCACGGAACCCGTGGAATGGATCCCACACCTAGCGCCCAACGTTTACGGTGTGGACTAC","Commensalism",2394
"CGGGACTTAACCCAACATCTCACGACACGAGCTGACGACAGCCATGCAGCACCTGTGTTACGGTTCTCTTTCGAGCACACCTCGATCTCTCGTGGCTTCCGTACATGTCAAGGGTAGGTAAGGTTTTTCGCGTTGCATCGAATTAATCCACATCATCCACCGCTTGTGCGGGTCCCCGTCAATTCCTTTGAGTTTTAATCTTGCGACCGTACTCCCCAGGCGGTCTACTTCACGCGTTAGCTGCGTTACCAAGTTAATTAAAACCCGACAACTAGTAGACATCGTTTAGGGCGTGGACTAC","CGGGACTTAACCCAACATCTCACGACACGAGCTGACGACAACCATGCACCACCTGTCACTCTGTCCCCCGAAGGGGAAAGCCCTATCTCTAGGGTTGTCAGAGGATGTCAAGACCTGGTAAGGTTCTTCGCGTTGCTTCGAATTAAACCACATGCTCCACCGCTTGTGCGGGCCCCCGTCAATTCCTTTGAGTTTCAGCCTTGCGGCCGTACTCCCCAGGCGGAGTGCTTAATGCGTTAGCTGCAGCACTAAAGGGCGGAAACCCTCTAACACTTAGCACTCATCGTTTACGGCGTGGACTAC","Commensalism",2334
"CGGGACTTAACCCAACATCTCACGACACGAGCTGACGACAGCCATGCAGCACCTGTGTTACGGTTCTCTTTCGAGCACACCTCGATCTCTCGTGGCTTCCGTACATGTCAAGGGTAGGTAAGGTTTTTCGCGTTGCATCGAATTAATCCACATCATCCACCGCTTGTGCGGGTCCCCGTCAATTCCTTTGAGTTTTAATCTTGCGACCGTACTCCCCAGGCGGTCTACTTCACGCGTTAGCTGCGTTACCAAGTTAATTAAAACCCGACAACTAGTAGACATCGTTTAGGGCGTGGACTAC","CGGGACTTAACCCAACATCTCACGACACGAGCTGACGACAACCATGCACCACCTGTCACTCTGTCCCCCGAAGGGGAACGTCCTATCTCTAGGAGTGTCAGAGGATGTCAAGACCTGGTAAGGTTCTTCGCGTTGCTTCGAATTAAACCACATGCTCCACCGCTTGTGCGGGTCCCCGTCAATTCCTTTGAGTTTCAGCCTTGCGGCCGTACTCCCCAGGCGGAGTGCTTAATGCGTTAGCTGCAGCACTAAAGGGCGGAAACCCTCTAACACTTAGCACTCATCGTTTACAGCGTGGACTAC","Amensalism",2377
"CGGGACTTAACCCAACATCTCACGACACGAGCTGACGACAGCCATGCAGCACCTGTGTTACGGTTCTCTTTCGAGCACACCTCGATCTCTCGTGGCTTCCGTACATGTCAAGGGTAGGTAAGGTTTTTCGCGTTGCATCGAATTAATCCACATCATCCACCGCTTGTGCGGGTCCCCGTCAATTCCTTTGAGTTTTAATCTTGCGACCGTACTCCCCAGGCGGTCTACTTCACGCGTTAGCTGCGTTACCAAGTTAATTAAAACCCGACAACTAGTAGACATCGTTTAGGGCGTGGACTAC","CGGGACTTAACCCAACATCTCACGACACGAGCTGACGACAGCCATGCACCACCTGTGCACGAGCCCCGAAGGGCTTACGTATTTCTACGCAATTCCCGTGCATGTCAAGCCCTGGTAAGGTTCTTCGCGTTGCGTCGAATTAAACCACATGCTCCGCTGCTTGTGCGGGCCCCCGTCAATTCCTTTGAGTTTTAGCCTTGCGGCCGTACTCCCCAGGCGGGGCGCTTAATGCGTTAGCTTCGGCACGGACGGAGTCGACACCGCCCACACCTAGCGCCCATCGTTTACGGCGTGGACTAC","Amensalism",2358
"CGGGACTTAACCCAACATCTCACGACACGAGCTGACGACAGCCATGCAGCACCTGTGTTACGGTTCTCTTTCGAGCACACCTCGATCTCTCGTGGCTTCCGTACATGTCAAGGGTAGGTAAGGTTTTTCGCGTTGCATCGAATTAATCCACATCATCCACCGCTTGTGCGGGTCCCCGTCAATTCCTTTGAGTTTTAATCTTGCGACCGTACTCCCCAGGCGGTCTACTTCACGCGTTAGCTGCGTTACCAAGTTAATTAAAACCCGACAACTAGTAGACATCGTTTAGGGCGTGGACTAC","CGGGACTTAACCCAACATCTCACGACACGAGCTGACGACAGCCATGCAACACCTGTGTAGGGCCCTTGCGGACACCGTGTCTCCACGGCTTTTCCCTACATGTCAAGCCCTGGTAAGGTTCTTCGCGTCGCGTCGAATTAAGCAACATGCTCCGCCGCTTGTGCGGGCCCCCGTCAATTCCTTTGAGTTTTAGCCTTGCGGCCGTACTCCCCAGGCGGGGCGCTTAATGCGTTAGCTGCGGCACGGAAGGAGTCGATGACCTCCCACACCTAGCGCCCATCGTTTACGGCGTGGACTAC","Amensalism",2161
"CGGGACTTAACCCAACATCTCACGACACGAGCTGACGACAGCCATGCAGCACCTGTGTTACGGTTCTCTTTCGAGCACACCTCGATCTCTCGTGGCTTCCGTACATGTCAAGGGTAGGTAAGGTTTTTCGCGTTGCATCGAATTAATCCACATCATCCACCGCTTGTGCGGGTCCCCGTCAATTCCTTTGAGTTTTAATCTTGCGACCGTACTCCCCAGGCGGTCTACTTCACGCGTTAGCTGCGTTACCAAGTTAATTAAAACCCGACAACTAGTAGACATCGTTTAGGGCGTGGACTAC","CGGGACTTAACCCAACATCTCACGACACGAGCTGACGACAGCCATGCAGCACCTGTGTGCAGGTCCCCGAAGGGAAGAAATCCATCTCTGGAAGTCGTCCTGCCATGTCAAACGCTGGTAAGGTTCTGCGCGTTGCTTCGAATTAAACCACATGCTCCACCGCTTGTGCAGGCCCCCGTCAATTCATTTGAGTTTTAACCTTGCGGCCGTACTCCCCAGGCGGATAACTTAATGCGTTAGCTGCGCCACCCAAACACCAAGTGTCCGGACAGCTAGTTATCATCGTTTACGGCGTGGACTAC","Commensalism",2305
"CGGGACTTAACCCAACATCTCACGACACGAGCTGACGACAGCCATGCAGCACCTGTGTTACGGTTCTCTTTCGAGCACACCTCGATCTCTCGTGGCTTCCGTACATGTCAAGGGTAGGTAAGGTTTTTCGCGTTGCATCGAATTAATCCACATCATCCACCGCTTGTGCGGGTCCCCGTCAATTCCTTTGAGTTTTAATCTTGCGACCGTACTCCCCAGGCGGTCTACTTCACGCGTTAGCTGCGTTACCAAGTTAATTAAAACCCGACAACTAGTAGACATCGTTTAGGGCGTGGACTAC","CGGGACTTAACCCAACATCTCACGACACGAGCTGACGACAACCATGCACCACCTGTCTCCTCTGTCCCGAAGGAAAGGTACATCTCTGTACCGGTCAGAGGGATGTCAAGACCTGGTAAGGTTCTTCGCGTTGCTTCGAATTAAACCACATACTCCACTGCTTGTGCGGGTCCCCGTCAATTCCTTTGAGTTTCAGTCTTGCGACCGTACTCCCCAGGCGGAGTGCTTAATGTGTTAACTTCGGCACCAAGGGTATCGAAACCCCTAACACCTAGCACTCATCGTTTACGGCGTGGACTAC","Commensalism",2269
"CGGGACTTAACCCAACATCTCACGACACGAGCTGACGACAGCCATGCAGCACCTGTGTTACGGTTCTCTTTCGAGCACACCTCGATCTCTCGTGGCTTCCGTACATGTCAAGGGTAGGTAAGGTTTTTCGCGTTGCATCGAATTAATCCACATCATCCACCGCTTGTGCGGGTCCCCGTCAATTCCTTTGAGTTTTAATCTTGCGACCGTACTCCCCAGGCGGTCTACTTCACGCGTTAGCTGCGTTACCAAGTTAATTAAAACCCGACAACTAGTAGACATCGTTTAGGGCGTGGACTAC","CGGGACTTAACCCAACATCTCACGACACGAGCTGACGACAGCCATGCACCACCTGTACACCCCCAAAAGAAGCCCCATCTCTGGAGCGGCAGGGTGTATGTCAAACCCAGGTAAGGTTCTTCGCGTTGCATCGAATTAATCCGCATGCTCCGCCGCTTGTGCGGGCCCCCGTCAATTCCTTTGAGTTTTAGCCTTGCGGCCGTACTCCCCAGGCGGGGCGCTTAATGCGTTAGCTGCGGCACGGAATCCGTGGAATGGACCCCACACCTAGCGCCCAACGTTTACGGTGTGGACTAC","Commensalism",2334
"CGGGACTTAACCCAACATCTCACGACACGAGCTGACGACAGCCATGCAGCACCTGTGTTACGGTTCTCTTTCGAGCACACCTCGATCTCTCGTGGCTTCCGTACATGTCAAGGGTAGGTAAGGTTTTTCGCGTTGCATCGAATTAATCCACATCATCCACCGCTTGTGCGGGTCCCCGTCAATTCCTTTGAGTTTTAATCTTGCGACCGTACTCCCCAGGCGGTCTACTTCACGCGTTAGCTGCGTTACCAAGTTAATTAAAACCCGACAACTAGTAGACATCGTTTAGGGCGTGGACTAC","CGGGACTTAACCCAACATCTCACGACACGAGCTGACGACAGCCATGCAGCACCTGTGTTACGGCTCTCTTTCGAGCACACCTCGATCTCTCGTGGCTTCCGTACATGTCAAGGGTAGGTAAGGTTTTTCGCGTTGCATCGAATTAATCCACATCATCCACCGCTTGTGCGGGTCCCCGTCAATTCCTTTGAGTTTTAATCTTGCGACCGTACTCCCCAGGCGGTCTACTTCACGCGTTAGCTGCGTTACCAAGTTAATTAAAACCCGACAACTAGTAGACATCGTTTAGGGCGTGGACTAC","Amensalism",2394
"CGGGACTTAACCCAACATCTCACGACACGAGCTGACGACAGCCATGCAGCACCTGTGTTACGGTTCTCTTTCGAGCACACCTCGATCTCTCGTGGCTTCCGTACATGTCAAGGGTAGGTAAGGTTTTTCGCGTTGCATCGAATTAATCCACATCATCCACCGCTTGTGCGGGTCCCCGTCAATTCCTTTGAGTTTTAATCTTGCGACCGTACTCCCCAGGCGGTCTACTTCACGCGTTAGCTGCGTTACCAAGTTAATTAAAACCCGACAACTAGTAGACATCGTTTAGGGCGTGGACTAC","CGGGACTTAACCCAACACCTCACGGCACGAGCTGACGACGGCCATGCAGCACCTTGCTTTGTGTCCCGAAGGAAAAGCTCATCTCTGAGCCGGTCACGCGCATTCTAGCCTAGGTAAGGTTCCTCGCGTATCATCGAATTAAACCACATGCTCCACCACTTGTGCGGGCCCCCGTCAATTCCTTTGAGTTTCACTCTTGCGAGCGTACTCCCCAGGTGGGATACTTATCGGTTTCCCTAAGCCACGAACAATCTTTAGCTCGCAGCGAGTATCCATCGTTTACGGCGTGGACTAC","Commensalism",2334
"CGGGACTTAACCCAACATCTCACGACACGAGCTGACGACAGCCATGCAGCACCTGTGTTACGGTTCTCTTTCGAGCACACCTCGATCTCTCGTGGCTTCCGTACATGTCAAGGGTAGGTAAGGTTTTTCGCGTTGCATCGAATTAATCCACATCATCCACCGCTTGTGCGGGTCCCCGTCAATTCCTTTGAGTTTTAATCTTGCGACCGTACTCCCCAGGCGGTCTACTTCACGCGTTAGCTGCGTTACCAAGTTAATTAAAACCCGACAACTAGTAGACATCGTTTAGGGCGTGGACTAC","CGGGACTTAACCCAACATCTCACGACACGAGCTGACGACAGCCATGCACCACCTGTGATCGAGTCCCGAAGGAGGGCCGTATTTCTACGGCTTTCCCGACCATGTCAAGCCTTGGTAAGGTTCTTCGCGTTGCGTCGAATTAAACCACATGCTCCGCTGCTTGTGCGGGCCCCCGTCAATTCCTTTGAGTTTTAGCCTTGCGGCCGTACTCCCCAGGCGGGGTGCTTAATGCGTTAGCTTCGGCACGGGGGGAGTCGACACCCCCCACACCTAGCACCCATCGTTTACGGCGTGGACTAC","Commensalism",2377
"CGGGACTTAACCCAACATCTCACGACACGAGCTGACGACAGCCATGCAGCACCTGTGTTACGGTTCTCTTTCGAGCACACCTCGATCTCTCGTGGCTTCCGTACATGTCAAGGGTAGGTAAGGTTTTTCGCGTTGCATCGAATTAATCCACATCATCCACCGCTTGTGCGGGTCCCCGTCAATTCCTTTGAGTTTTAATCTTGCGACCGTACTCCCCAGGCGGTCTACTTCACGCGTTAGCTGCGTTACCAAGTTAATTAAAACCCGACAACTAGTAGACATCGTTTAGGGCGTGGACTAC","CGGGACTTAACCCAACATCTCACGACACGAGCTGACGACAGCCATGCACCACCTGTGATGGTGTCCCGAAGGAAAGGTGTGTTTCCACACCGGTCACCAACATGTCAAACCCAGGTAAGGTTCTTCGCGTTGCGTCGAATTAAACCACATGCTCCGCTGCTTGTGCGGGCCCCCGTCAATTCCTTTGAGTTTTAGCCTTGCGGCCGTACTCCCCAGGCGGGGCACTTAATGCGTTAGCGTCGGCACGGGAGGAGTCGACACCTCCCACACCTAGTGCCCATCGTTTACGGCGTGGACTAC","Amensalism",2408
"CGGGACTTAACCCAACATCTCACGACACGAGCTGACGACAGCCATGCACCACCTGTACACCGACAAAAAGGGGCACCATCTCTGATGCTTTCCGGCGTATGTCAAACCCAGGTAAGGTTCTTCGCGTTGCATCGAATTAATCCGCATGCTCCGCCGCTTGTGCGGGCCCCCGTCAATTCCTTTGAGTTTTAGCCTTGCGGCCGTACTCCCCAGGCGGGGCGCTTAATGCGTTAGCTGCGGCACGGAACCCGTGGAATGGATCCCACACCTAGCGCCCAACGTTTACGGTGTGGACTAC","CGGGACTTAACCCAACATCTCACGACACGAGCTGACGACAACCATGCACCACCTGTATACCGACCTTGCGGGGCGACCATCTCTGGACGTTTCCGGTATATGTCAAGCCTTGGTAAGGTTCTTCGCGTTGCATCGAATTAATCCGCATGCTCCGCCGCTTGTGCGGGCCCCCGTCAATTCCTTTGAGTTTTAGCCTTGCGGCCGTACTCCCCAGGCGGGGAACTTAATGCGTTAGCTGCGACACGGAGACCGTGGAATGGCCCCCACATCTAGTTCCCAACGTTTACGGCATGGACTAC","Commensalism",2421
"CGGGACTTAACCCAACATCTCACGACACGAGCTGACGACAGCCATGCACCACCTGTACACCGACAAAAAGGGGCACCATCTCTGATGCTTTCCGGCGTATGTCAAACCCAGGTAAGGTTCTTCGCGTTGCATCGAATTAATCCGCATGCTCCGCCGCTTGTGCGGGCCCCCGTCAATTCCTTTGAGTTTTAGCCTTGCGGCCGTACTCCCCAGGCGGGGCGCTTAATGCGTTAGCTGCGGCACGGAACCCGTGGAATGGATCCCACACCTAGCGCCCAACGTTTACGGTGTGGACTAC","CGGGACTTAACCCAACATCTCACGACACGAGCTGACGACAACCATGCACCACCTGTCACTCTGTCCCCCGAAGGGGAAAGCCCTATCTCTAGGGTTGTCAGAGGATGTCAAGACCTGGTAAGGTTCTTCGCGTTGCTTCGAATTAAACCACATGCTCCACCGCTTGTGCGGGCCCCCGTCAATTCCTTTGAGTTTCAGCCTTGCGGCCGTACTCCCCAGGCGGAGTGCTTAATGCGTTAGCTGCAGCACTAAAGGGCGGAAACCCTCTAACACTTAGCACTCATCGTTTACGGCGTGGACTAC","Commensalism",2464
"CGGGACTTAACCCAACATCTCACGACACGAGCTGACGACAGCCATGCACCACCTGTACACCGACAAAAAGGGGCACCATCTCTGATGCTTTCCGGCGTATGTCAAACCCAGGTAAGGTTCTTCGCGTTGCATCGAATTAATCCGCATGCTCCGCCGCTTGTGCGGGCCCCCGTCAATTCCTTTGAGTTTTAGCCTTGCGGCCGTACTCCCCAGGCGGGGCGCTTAATGCGTTAGCTGCGGCACGGAACCCGTGGAATGGATCCCACACCTAGCGCCCAACGTTTACGGTGTGGACTAC","CGGGACTTAACCCAACATCTCACGACACGAGCTGACGACAGCCATGCACCACCTGTGCACGAGCCCCGAAGGGCTTACGTATTTCTACGCAATTCCCGTGCATGTCAAGCCCTGGTAAGGTTCTTCGCGTTGCGTCGAATTAAACCACATGCTCCGCTGCTTGTGCGGGCCCCCGTCAATTCCTTTGAGTTTTAGCCTTGCGGCCGTACTCCCCAGGCGGGGCGCTTAATGCGTTAGCTTCGGCACGGACGGAGTCGACACCGCCCACACCTAGCGCCCATCGTTTACGGCGTGGACTAC","Amensalism",2408
"CGGGACTTAACCCAACATCTCACGACACGAGCTGACGACAGCCATGCACCACCTGTACACCGACAAAAAGGGGCACCATCTCTGATGCTTTCCGGCGTATGTCAAACCCAGGTAAGGTTCTTCGCGTTGCATCGAATTAATCCGCATGCTCCGCCGCTTGTGCGGGCCCCCGTCAATTCCTTTGAGTTTTAGCCTTGCGGCCGTACTCCCCAGGCGGGGCGCTTAATGCGTTAGCTGCGGCACGGAACCCGTGGAATGGATCCCACACCTAGCGCCCAACGTTTACGGTGTGGACTAC","CGGGACTTAACCCAACATCTCACGACACGAGCTGACGACAACCATGCACCACCTGTACACCAGTCCGAAGACGCACCCATCTCTGAGTGATTCCGGTGTATGTCAAGCCTTGGTAAGGTTCTTCGCGTTGCATCGAATTAATCCGCATGCTCCGCCGCTTGTGCGGGCCCCCGTCAATTCCTTTGAGTTTTAGCCTTGCGGCCGTACTCCCCAGGCGGGGAACTTAATGCGTTAGCTGCGGCACGGATCTCGTGGAATGAGACCCACACCTAGTTCCCAACGTTTACGGCATGGACTAC","Commensalism",2394
"CGGGACTTAACCCAACATCTCACGACACGAGCTGACGACAGCCATGCACCACCTGTACACCGACAAAAAGGGGCACCATCTCTGATGCTTTCCGGCGTATGTCAAACCCAGGTAAGGTTCTTCGCGTTGCATCGAATTAATCCGCATGCTCCGCCGCTTGTGCGGGCCCCCGTCAATTCCTTTGAGTTTTAGCCTTGCGGCCGTACTCCCCAGGCGGGGCGCTTAATGCGTTAGCTGCGGCACGGAACCCGTGGAATGGATCCCACACCTAGCGCCCAACGTTTACGGTGTGGACTAC","CGGGACTTAACCCAACATCTCACGACACGAGCTGACGACAGCCATGCAGCACCTGTGTGCAGGTCCCCGAAGGGAAGAAATCCATCTCTGGAAGTCGTCCTGCCATGTCAAACGCTGGTAAGGTTCTGCGCGTTGCTTCGAATTAAACCACATGCTCCACCGCTTGTGCAGGCCCCCGTCAATTCATTTGAGTTTTAACCTTGCGGCCGTACTCCCCAGGCGGATAACTTAATGCGTTAGCTGCGCCACCCAAACACCAAGTGTCCGGACAGCTAGTTATCATCGTTTACGGCGTGGACTAC","Commensalism",2441
"CGGGACTTAACCCAACATCTCACGACACGAGCTGACGACAGCCATGCACCACCTGTACACCGACAAAAAGGGGCACCATCTCTGATGCTTTCCGGCGTATGTCAAACCCAGGTAAGGTTCTTCGCGTTGCATCGAATTAATCCGCATGCTCCGCCGCTTGTGCGGGCCCCCGTCAATTCCTTTGAGTTTTAGCCTTGCGGCCGTACTCCCCAGGCGGGGCGCTTAATGCGTTAGCTGCGGCACGGAACCCGTGGAATGGATCCCACACCTAGCGCCCAACGTTTACGGTGTGGACTAC","CGGGACTTAACCCAACATCTCACGACACGAGCTGACGACAGCCATGCACCACCTGTACACCCCCAAAAGAAGCCCCATCTCTGGAGCGGCAGGGTGTATGTCAAACCCAGGTAAGGTTCTTCGCGTTGCATCGAATTAATCCGCATGCTCCGCCGCTTGTGCGGGCCCCCGTCAATTCCTTTGAGTTTTAGCCTTGCGGCCGTACTCCCCAGGCGGGGCGCTTAATGCGTTAGCTGCGGCACGGAATCCGTGGAATGGACCCCACACCTAGCGCCCAACGTTTACGGTGTGGACTAC","Commensalism",2464
"CGGGACTTAACCCAACATCTCACGACACGAGCTGACGACAGCCATGCACCACCTGTACACCGACAAAAAGGGGCACCATCTCTGATGCTTTCCGGCGTATGTCAAACCCAGGTAAGGTTCTTCGCGTTGCATCGAATTAATCCGCATGCTCCGCCGCTTGTGCGGGCCCCCGTCAATTCCTTTGAGTTTTAGCCTTGCGGCCGTACTCCCCAGGCGGGGCGCTTAATGCGTTAGCTGCGGCACGGAACCCGTGGAATGGATCCCACACCTAGCGCCCAACGTTTACGGTGTGGACTAC","CGGGACTTAACCCAACATCTCACGACACGAGCTGACGACAGCCATGCAGCACCTGTGTTACGGCTCTCTTTCGAGCACACCTCGATCTCTCGTGGCTTCCGTACATGTCAAGGGTAGGTAAGGTTTTTCGCGTTGCATCGAATTAATCCACATCATCCACCGCTTGTGCGGGTCCCCGTCAATTCCTTTGAGTTTTAATCTTGCGACCGTACTCCCCAGGCGGTCTACTTCACGCGTTAGCTGCGTTACCAAGTTAATTAAAACCCGACAACTAGTAGACATCGTTTAGGGCGTGGACTAC","Amensalism",2476
"CGGGACTTAACCCAACATCTCACGACACGAGCTGACGACAGCCATGCACCACCTGTACACCGACAAAAAGGGGCACCATCTCTGATGCTTTCCGGCGTATGTCAAACCCAGGTAAGGTTCTTCGCGTTGCATCGAATTAATCCGCATGCTCCGCCGCTTGTGCGGGCCCCCGTCAATTCCTTTGAGTTTTAGCCTTGCGGCCGTACTCCCCAGGCGGGGCGCTTAATGCGTTAGCTGCGGCACGGAACCCGTGGAATGGATCCCACACCTAGCGCCCAACGTTTACGGTGTGGACTAC","CGGGACTTAACCCAACACCTCACGGCACGAGCTGACGACGGCCATGCAGCACCTTGCTTTGTGTCCCGAAGGAAAAGCTCATCTCTGAGCCGGTCACGCGCATTCTAGCCTAGGTAAGGTTCCTCGCGTATCATCGAATTAAACCACATGCTCCACCACTTGTGCGGGCCCCCGTCAATTCCTTTGAGTTTCACTCTTGCGAGCGTACTCCCCAGGTGGGATACTTATCGGTTTCCCTAAGCCACGAACAATCTTTAGCTCGCAGCGAGTATCCATCGTTTACGGCGTGGACTAC","Commensalism",2457
"CGGGACTTAACCCAACATCTCACGACACGAGCTGACGACAGCCATGCACCACCTGTACACCGACAAAAAGGGGCACCATCTCTGATGCTTTCCGGCGTATGTCAAACCCAGGTAAGGTTCTTCGCGTTGCATCGAATTAATCCGCATGCTCCGCCGCTTGTGCGGGCCCCCGTCAATTCCTTTGAGTTTTAGCCTTGCGGCCGTACTCCCCAGGCGGGGCGCTTAATGCGTTAGCTGCGGCACGGAACCCGTGGAATGGATCCCACACCTAGCGCCCAACGTTTACGGTGTGGACTAC","CGGGACTTAACCCAACATCTCACGACACGAGCTGACGACAGCCATGCACCACCTGTGATCGAGTCCCGAAGGAGGGCCGTATTTCTACGGCTTTCCCGACCATGTCAAGCCTTGGTAAGGTTCTTCGCGTTGCGTCGAATTAAACCACATGCTCCGCTGCTTGTGCGGGCCCCCGTCAATTCCTTTGAGTTTTAGCCTTGCGGCCGTACTCCCCAGGCGGGGTGCTTAATGCGTTAGCTTCGGCACGGGGGGAGTCGACACCCCCCACACCTAGCACCCATCGTTTACGGCGTGGACTAC","Commensalism",2485
"CGGGACTTAACCCAACATCTCACGACACGAGCTGACGACAGCCATGCACCACCTGTACACCGACAAAAAGGGGCACCATCTCTGATGCTTTCCGGCGTATGTCAAACCCAGGTAAGGTTCTTCGCGTTGCATCGAATTAATCCGCATGCTCCGCCGCTTGTGCGGGCCCCCGTCAATTCCTTTGAGTTTTAGCCTTGCGGCCGTACTCCCCAGGCGGGGCGCTTAATGCGTTAGCTGCGGCACGGAACCCGTGGAATGGATCCCACACCTAGCGCCCAACGTTTACGGTGTGGACTAC","CGGGACTTAACCCAACATCTCACGACACGAGCTGACGACAGCCATGCACCACCTGTGATGGTGTCCCGAAGGAAAGGTGTGTTTCCACACCGGTCACCAACATGTCAAACCCAGGTAAGGTTCTTCGCGTTGCGTCGAATTAAACCACATGCTCCGCTGCTTGTGCGGGCCCCCGTCAATTCCTTTGAGTTTTAGCCTTGCGGCCGTACTCCCCAGGCGGGGCACTTAATGCGTTAGCGTCGGCACGGGAGGAGTCGACACCTCCCACACCTAGTGCCCATCGTTTACGGCGTGGACTAC","Amensalism",2457
"CGGGACTTAACCCAACATCTCACGACACGAGCTGACGACAACCATGCACCACCTGTCACTCTGTCCCCCGAAGGGGAAAGCCCTATCTCTAGGGTTGTCAGAGGATGTCAAGACCTGGTAAGGTTCTTCGCGTTGCTTCGAATTAAACCACATGCTCCACCGCTTGTGCGGGCCCCCGTCAATTCCTTTGAGTTTCAGCCTTGCGGCCGTACTCCCCAGGCGGAGTGCTTAATGCGTTAGCTGCAGCACTAAAGGGCGGAAACCCTCTAACACTTAGCACTCATCGTTTACGGCGTGGACTAC","CGGGACTTAACCCAACATCTCACGACACGAGCTGACGACAGCCATGCACCACCTGTGCACGAGCCCCGAAGGGCTGCCGTATTTCTACGACATTCCCGTGCATGTCAAGCCCTGGTAAGGTTCTTCGCGTTGCGTCGAATTAAACCACATGCTCCGCTGCTTGTGCGGGCCCCCGTCAATTCCTTTGAGTTTTAGCCTTGCGGCCGTACTCCCCAGGCGGGGTGCTTAATGCGTTAGCTTCGGCACGGGCGGAGTCGACACCGCCCACACCTAGCACCCATCGTTTACGGCGTGGACTAC","Amensalism",2497
"CGGGACTTAACCCAACATCTCACGACACGAGCTGACGACAACCATGCACCACCTGTCACTCTGTCCCCCGAAGGGGAAAGCCCTATCTCTAGGGTTGTCAGAGGATGTCAAGACCTGGTAAGGTTCTTCGCGTTGCTTCGAATTAAACCACATGCTCCACCGCTTGTGCGGGCCCCCGTCAATTCCTTTGAGTTTCAGCCTTGCGGCCGTACTCCCCAGGCGGAGTGCTTAATGCGTTAGCTGCAGCACTAAAGGGCGGAAACCCTCTAACACTTAGCACTCATCGTTTACGGCGTGGACTAC","CGGGACTTAACCCAACATCTCACGACACGAGCTGACGACAGCCATGCACCACCTGTGCACGAGCCCCGAAGGGCTTACGTATTTCTACGCAATTCCCGTGCATGTCAAGCCCTGGTAAGGTTCTTCGCGTTGCGTCGAATTAAACCACATGCTCCGCTGCTTGTGCGGGCCCCCGTCAATTCCTTTGAGTTTTAGCCTTGCGGCCGTACTCCCCAGGCGGGGCGCTTAATGCGTTAGCTTCGGCACGGACGGAGTCGACACCGCCCACACCTAGCGCCCATCGTTTACGGCGTGGACTAC","Amensalism",2504
"CGGGACTTAACCCAACATCTCACGACACGAGCTGACGACAACCATGCACCACCTGTACACCAGTCCGAAGACGCACCCATCTCTGAGTGATTCCGGTGTATGTCAAGCCTTGGTAAGGTTCTTCGCGTTGCATCGAATTAATCCGCATGCTCCGCCGCTTGTGCGGGCCCCCGTCAATTCCTTTGAGTTTTAGCCTTGCGGCCGTACTCCCCAGGCGGGGAACTTAATGCGTTAGCTGCGGCACGGATCTCGTGGAATGAGACCCACACCTAGTTCCCAACGTTTACGGCATGGACTAC","CGGGACTTAACCCAACATCTCACGACACGAGCTGACGACAACCATGCACCACCTGTATACCGACCTTGCGGGGCGACCATCTCTGGACGTTTCCGGTATATGTCAAGCCTTGGTAAGGTTCTTCGCGTTGCATCGAATTAATCCGCATGCTCCGCCGCTTGTGCGGGCCCCCGTCAATTCCTTTGAGTTTTAGCCTTGCGGCCGTACTCCCCAGGCGGGGAACTTAATGCGTTAGCTGCGACACGGAGACCGTGGAATGGCCCCCACATCTAGTTCCCAACGTTTACGGCATGGACTAC","Commensalism",2431
"CGGGACTTAACCCAACATCTCACGACACGAGCTGACGACAACCATGCACCACCTGTACACCAGTCCGAAGACGCACCCATCTCTGAGTGATTCCGGTGTATGTCAAGCCTTGGTAAGGTTCTTCGCGTTGCATCGAATTAATCCGCATGCTCCGCCGCTTGTGCGGGCCCCCGTCAATTCCTTTGAGTTTTAGCCTTGCGGCCGTACTCCCCAGGCGGGGAACTTAATGCGTTAGCTGCGGCACGGATCTCGTGGAATGAGACCCACACCTAGTTCCCAACGTTTACGGCATGGACTAC","CGGGACTTAACCCAACATCTCACGACACGAGCTGACGACAGCCATGCAGCACCTGTGTTACGGTTCTCTTTCGAGCACACCTCGATCTCTCGTGGCTTCCGTACATGTCAAGGGTAGGTAAGGTTTTTCGCGTTGCATCGAATTAATCCACATCATCCACCGCTTGTGCGGGTCCCCGTCAATTCCTTTGAGTTTTAATCTTGCGACCGTACTCCCCAGGCGGTCTACTTCACGCGTTAGCTGCGTTACCAAGTTAATTAAAACCCGACAACTAGTAGACATCGTTTAGGGCGTGGACTAC","Mutualism",2481
"CGGGACTTAACCCAACATCTCACGACACGAGCTGACGACAACCATGCACCACCTGTACACCAGTCCGAAGACGCACCCATCTCTGAGTGATTCCGGTGTATGTCAAGCCTTGGTAAGGTTCTTCGCGTTGCATCGAATTAATCCGCATGCTCCGCCGCTTGTGCGGGCCCCCGTCAATTCCTTTGAGTTTTAGCCTTGCGGCCGTACTCCCCAGGCGGGGAACTTAATGCGTTAGCTGCGGCACGGATCTCGTGGAATGAGACCCACACCTAGTTCCCAACGTTTACGGCATGGACTAC","CGGGACTTAACCCAACATCTCACGACACGAGCTGACGACAACCATGCACCACCTGTCACTCTGTCCCCCGAAGGGGAACGTCCTATCTCTAGGAGTGTCAGAGGATGTCAAGACCTGGTAAGGTTCTTCGCGTTGCTTCGAATTAAACCACATGCTCCACCGCTTGTGCGGGTCCCCGTCAATTCCTTTGAGTTTCAGCCTTGCGGCCGTACTCCCCAGGCGGAGTGCTTAATGCGTTAGCTGCAGCACTAAAGGGCGGAAACCCTCTAACACTTAGCACTCATCGTTTACAGCGTGGACTAC","Amensalism",2485
"CGGGACTTAACCCAACATCTCACGACACGAGCTGACGACAACCATGCACCACCTGTACACCAGTCCGAAGACGCACCCATCTCTGAGTGATTCCGGTGTATGTCAAGCCTTGGTAAGGTTCTTCGCGTTGCATCGAATTAATCCGCATGCTCCGCCGCTTGTGCGGGCCCCCGTCAATTCCTTTGAGTTTTAGCCTTGCGGCCGTACTCCCCAGGCGGGGAACTTAATGCGTTAGCTGCGGCACGGATCTCGTGGAATGAGACCCACACCTAGTTCCCAACGTTTACGGCATGGACTAC","CGGGACTTAACCCAACATCTCACGACACGAGCTGACGACAGCCATGCACCACCTGTACACCCCCAAAAGAAGCCCCATCTCTGGAGCGGCAGGGTGTATGTCAAACCCAGGTAAGGTTCTTCGCGTTGCATCGAATTAATCCGCATGCTCCGCCGCTTGTGCGGGCCCCCGTCAATTCCTTTGAGTTTTAGCCTTGCGGCCGTACTCCCCAGGCGGGGCGCTTAATGCGTTAGCTGCGGCACGGAATCCGTGGAATGGACCCCACACCTAGCGCCCAACGTTTACGGTGTGGACTAC","Commensalism",2464
"CGGGACTTAACCCAACATCTCACGACACGAGCTGACGACAACCATGCACCACCTGTACACCAGTCCGAAGACGCACCCATCTCTGAGTGATTCCGGTGTATGTCAAGCCTTGGTAAGGTTCTTCGCGTTGCATCGAATTAATCCGCATGCTCCGCCGCTTGTGCGGGCCCCCGTCAATTCCTTTGAGTTTTAGCCTTGCGGCCGTACTCCCCAGGCGGGGAACTTAATGCGTTAGCTGCGGCACGGATCTCGTGGAATGAGACCCACACCTAGTTCCCAACGTTTACGGCATGGACTAC","CGGGACTTAACCCAACATCTCACGACACGAGCTGACGACAGCCATGCAGCACCTGTGTTACGGCTCTCTTTCGAGCACACCTCGATCTCTCGTGGCTTCCGTACATGTCAAGGGTAGGTAAGGTTTTTCGCGTTGCATCGAATTAATCCACATCATCCACCGCTTGTGCGGGTCCCCGTCAATTCCTTTGAGTTTTAATCTTGCGACCGTACTCCCCAGGCGGTCTACTTCACGCGTTAGCTGCGTTACCAAGTTAATTAAAACCCGACAACTAGTAGACATCGTTTAGGGCGTGGACTAC","Amensalism",2476
"CGGGACTTAACCCAACATCTCACGACACGAGCTGACGACAACCATGCACCACCTGTACACCAGTCCGAAGACGCACCCATCTCTGAGTGATTCCGGTGTATGTCAAGCCTTGGTAAGGTTCTTCGCGTTGCATCGAATTAATCCGCATGCTCCGCCGCTTGTGCGGGCCCCCGTCAATTCCTTTGAGTTTTAGCCTTGCGGCCGTACTCCCCAGGCGGGGAACTTAATGCGTTAGCTGCGGCACGGATCTCGTGGAATGAGACCCACACCTAGTTCCCAACGTTTACGGCATGGACTAC","CGGGACTTAACCCAACATCTCACGACACGAGCTGACGACAGCCATGCACCACCTGTATACCGACTAAAAGGGGCCCCATCTCTGGGGCTTTCCGGCATATGTCAAACCCAGGTAAGGTTCTTCGCGTTGCATCGAATTAATCCGCATGCTCCGCCGCTTGTGCGGGCCCCCGTCAATTCCTTTGAGTTTTAGCCTTGCGGCCGTACTCCCCAGGCGGGGCGCTTAATGCGTTAGCTGCGGCACGGAATCCGTGGAATGGACCCCACACCTAGCGCCCAACGTTTACGGTGTGGACTAC","Commensalism",2431
"CGGGACTTAACCCAACATCTCACGACACGAGCTGACGACAGCCATGCAGCACCTGTGTGCAGGTCCCCGAAGGGAAGAAATCCATCTCTGGAAGTCGTCCTGCCATGTCAAACGCTGGTAAGGTTCTGCGCGTTGCTTCGAATTAAACCACATGCTCCACCGCTTGTGCAGGCCCCCGTCAATTCATTTGAGTTTTAACCTTGCGGCCGTACTCCCCAGGCGGATAACTTAATGCGTTAGCTGCGCCACCCAAACACCAAGTGTCCGGACAGCTAGTTATCATCGTTTACGGCGTGGACTAC","CGGGACTTAACCCAACATCTCACGACACGAGCTGACGACAGCCATGCACCACCTGTGCACGAGCCCCGAAGGGCTTACGTATTTCTACGCAATTCCCGTGCATGTCAAGCCCTGGTAAGGTTCTTCGCGTTGCGTCGAATTAAACCACATGCTCCGCTGCTTGTGCGGGCCCCCGTCAATTCCTTTGAGTTTTAGCCTTGCGGCCGTACTCCCCAGGCGGGGCGCTTAATGCGTTAGCTTCGGCACGGACGGAGTCGACACCGCCCACACCTAGCGCCCATCGTTTACGGCGTGGACTAC","Amensalism",2529
"CGGGACTTAACCCAACATCTCACGACACGAGCTGACGACAACCATGCACCACCTGTCTCCTCTGTCCCGAAGGAAAGGTACATCTCTGTACCGGTCAGAGGGATGTCAAGACCTGGTAAGGTTCTTCGCGTTGCTTCGAATTAAACCACATACTCCACTGCTTGTGCGGGTCCCCGTCAATTCCTTTGAGTTTCAGTCTTGCGACCGTACTCCCCAGGCGGAGTGCTTAATGTGTTAACTTCGGCACCAAGGGTATCGAAACCCCTAACACCTAGCACTCATCGTTTACGGCGTGGACTAC","CGGGACTTAACCCAACATCTCACGACACGAGCTGACGACAGCCATGCACCACCTGTGCACGAGCCCCGAAGGGCTTACGTATTTCTACGCAATTCCCGTGCATGTCAAGCCCTGGTAAGGTTCTTCGCGTTGCGTCGAATTAAACCACATGCTCCGCTGCTTGTGCGGGCCCCCGTCAATTCCTTTGAGTTTTAGCCTTGCGGCCGTACTCCCCAGGCGGGGCGCTTAATGCGTTAGCTTCGGCACGGACGGAGTCGACACCGCCCACACCTAGCGCCCATCGTTTACGGCGTGGACTAC","Amensalism",2536
"CGGGACTTAACCCAACATCTCACGACACGAGCTGACGACAGCCATGCACCACCTGTACACCCCCAAAAGAAGCCCCATCTCTGGAGCGGCAGGGTGTATGTCAAACCCAGGTAAGGTTCTTCGCGTTGCATCGAATTAATCCGCATGCTCCGCCGCTTGTGCGGGCCCCCGTCAATTCCTTTGAGTTTTAGCCTTGCGGCCGTACTCCCCAGGCGGGGCGCTTAATGCGTTAGCTGCGGCACGGAATCCGTGGAATGGACCCCACACCTAGCGCCCAACGTTTACGGTGTGGACTAC","CGGGACTTAACCCAACATCTCACGACACGAGCTGACGACAACCATGCACCACCTGTATACCGACCTTGCGGGGCGACCATCTCTGGACGTTTCCGGTATATGTCAAGCCTTGGTAAGGTTCTTCGCGTTGCATCGAATTAATCCGCATGCTCCGCCGCTTGTGCGGGCCCCCGTCAATTCCTTTGAGTTTTAGCCTTGCGGCCGTACTCCCCAGGCGGGGAACTTAATGCGTTAGCTGCGACACGGAGACCGTGGAATGGCCCCCACATCTAGTTCCCAACGTTTACGGCATGGACTAC","Commensalism",2527
"CGGGACTTAACCCAACATCTCACGACACGAGCTGACGACAGCCATGCACCACCTGTACACCCCCAAAAGAAGCCCCATCTCTGGAGCGGCAGGGTGTATGTCAAACCCAGGTAAGGTTCTTCGCGTTGCATCGAATTAATCCGCATGCTCCGCCGCTTGTGCGGGCCCCCGTCAATTCCTTTGAGTTTTAGCCTTGCGGCCGTACTCCCCAGGCGGGGCGCTTAATGCGTTAGCTGCGGCACGGAATCCGTGGAATGGACCCCACACCTAGCGCCCAACGTTTACGGTGTGGACTAC","CGGGACTTAACCCAACATCTCACGACACGAGCTGACGACAGCCATGCAGCACCTGTGTTACGGCTCTCTTTCGAGCACACCTCGATCTCTCGTGGCTTCCGTACATGTCAAGGGTAGGTAAGGTTTTTCGCGTTGCATCGAATTAATCCACATCATCCACCGCTTGTGCGGGTCCCCGTCAATTCCTTTGAGTTTTAATCTTGCGACCGTACTCCCCAGGCGGTCTACTTCACGCGTTAGCTGCGTTACCAAGTTAATTAAAACCCGACAACTAGTAGACATCGTTTAGGGCGTGGACTAC","Amensalism",2535
"CGGGACTTAACCCAACATCTCACGACACGAGCTGACGACAGCCATGCACCACCTGTGATCGAGTCCCGAAGGAGGGCCGTATTTCTACGGCTTTCCCGACCATGTCAAGCCTTGGTAAGGTTCTTCGCGTTGCGTCGAATTAAACCACATGCTCCGCTGCTTGTGCGGGCCCCCGTCAATTCCTTTGAGTTTTAGCCTTGCGGCCGTACTCCCCAGGCGGGGTGCTTAATGCGTTAGCTTCGGCACGGGGGGAGTCGACACCCCCCACACCTAGCACCCATCGTTTACGGCGTGGACTAC","CGGGACTTAACCCAACATCTCACGACACGAGCTGACGACAACCATGCACCACCTGTATACCGACCTTGCGGGGCGACCATCTCTGGACGTTTCCGGTATATGTCAAGCCTTGGTAAGGTTCTTCGCGTTGCATCGAATTAATCCGCATGCTCCGCCGCTTGTGCGGGCCCCCGTCAATTCCTTTGAGTTTTAGCCTTGCGGCCGTACTCCCCAGGCGGGGAACTTAATGCGTTAGCTGCGACACGGAGACCGTGGAATGGCCCCCACATCTAGTTCCCAACGTTTACGGCATGGACTAC","Commensalism",2481
"CGGGACTTAACCCAACATCTCACGACACGAGCTGACGACAGCCATGCACCACCTGTGATCGAGTCCCGAAGGAGGGCCGTATTTCTACGGCTTTCCCGACCATGTCAAGCCTTGGTAAGGTTCTTCGCGTTGCGTCGAATTAAACCACATGCTCCGCTGCTTGTGCGGGCCCCCGTCAATTCCTTTGAGTTTTAGCCTTGCGGCCGTACTCCCCAGGCGGGGTGCTTAATGCGTTAGCTTCGGCACGGGGGGAGTCGACACCCCCCACACCTAGCACCCATCGTTTACGGCGTGGACTAC","CGGGACTTAACCCAACATCTCACGACACGAGCTGACGACAACCATGCACCACCTGTACACCAGTCCGAAGACGCACCCATCTCTGAGTGATTCCGGTGTATGTCAAGCCTTGGTAAGGTTCTTCGCGTTGCATCGAATTAATCCGCATGCTCCGCCGCTTGTGCGGGCCCCCGTCAATTCCTTTGAGTTTTAGCCTTGCGGCCGTACTCCCCAGGCGGGGAACTTAATGCGTTAGCTGCGGCACGGATCTCGTGGAATGAGACCCACACCTAGTTCCCAACGTTTACGGCATGGACTAC","Mutualism",2490
"CGGGACTTAACCCAACATCTCACGACACGAGCTGACGACAGCCATGCACCACCTGTGATCGAGTCCCGAAGGAGGGCCGTATTTCTACGGCTTTCCCGACCATGTCAAGCCTTGGTAAGGTTCTTCGCGTTGCGTCGAATTAAACCACATGCTCCGCTGCTTGTGCGGGCCCCCGTCAATTCCTTTGAGTTTTAGCCTTGCGGCCGTACTCCCCAGGCGGGGTGCTTAATGCGTTAGCTTCGGCACGGGGGGAGTCGACACCCCCCACACCTAGCACCCATCGTTTACGGCGTGGACTAC","CGGGACTTAACCCAACATCTCACGACACGAGCTGACGACAGCCATGCACCACCTGTACACCCCCAAAAGAAGCCCCATCTCTGGAGCGGCAGGGTGTATGTCAAACCCAGGTAAGGTTCTTCGCGTTGCATCGAATTAATCCGCATGCTCCGCCGCTTGTGCGGGCCCCCGTCAATTCCTTTGAGTTTTAGCCTTGCGGCCGTACTCCCCAGGCGGGGCGCTTAATGCGTTAGCTGCGGCACGGAATCCGTGGAATGGACCCCACACCTAGCGCCCAACGTTTACGGTGTGGACTAC","Commensalism",2507
"CGGGACTTAACCCAACATCTCACGACACGAGCTGACGACAGCCATGCACCACCTGTGATCGAGTCCCGAAGGAGGGCCGTATTTCTACGGCTTTCCCGACCATGTCAAGCCTTGGTAAGGTTCTTCGCGTTGCGTCGAATTAAACCACATGCTCCGCTGCTTGTGCGGGCCCCCGTCAATTCCTTTGAGTTTTAGCCTTGCGGCCGTACTCCCCAGGCGGGGTGCTTAATGCGTTAGCTTCGGCACGGGGGGAGTCGACACCCCCCACACCTAGCACCCATCGTTTACGGCGTGGACTAC","CGGGACTTAACCCAACATCTCACGACACGAGCTGACGACAGCCATGCAGCACCTGTGTTACGGCTCTCTTTCGAGCACACCTCGATCTCTCGTGGCTTCCGTACATGTCAAGGGTAGGTAAGGTTTTTCGCGTTGCATCGAATTAATCCACATCATCCACCGCTTGTGCGGGTCCCCGTCAATTCCTTTGAGTTTTAATCTTGCGACCGTACTCCCCAGGCGGTCTACTTCACGCGTTAGCTGCGTTACCAAGTTAATTAAAACCCGACAACTAGTAGACATCGTTTAGGGCGTGGACTAC","Amensalism",2510
