Species,Kingdom,Phylum,Class,Order,Family,Genus
CGGGACTTAACCCAACATCTCACGACACGAGCTGACGACAACCATGCACCACCTGTATACCGACCTTGCGGGGCGACCATCTCTGGACGTTTCCGGTATATGTCAAGCCTTGGTAAGGTTCTTCGCGTTGCATCGAATTAATCCGCATGCTCCGCCGCTTGTGCGGGCCCCCGTCAATTCCTTTGAGTTTTAGCCTTGCGGCCGTACTCCCCAGGCGGGGAACTTAATGCGTTAGCTGCGACACGGAGACCGTGGAATGGCCCCCACATCTAGTTCCCAACGTTTACGGCATGGACTAC,Bacteria,Actinobacteriota,Actinobacteria,Micrococcales,Microbacteriaceae,Frigoribacterium
CGGGACTTAACCCAACATCTCACGACACGAGCTGACGACAGCCATGCACCACCTGTGTACCGCCCCGAAGGACACCCTATCTCTAGAGCTTTTCGGTACATGTCAAACCCAGGTAAGGTTCTTCGCGTTGCATCGAATTAAGCAACACGCTCCGCTGCTTGTGCGGGCCCCCGTCAATTCCTTTGAGTTTTAGTCTTGCGACCGTACTCCCCAGGCGGGGCACTTAATGCGTTAGCGACGGCGCGGATCTCGTTGGTTGAGACCCACACCTAGTGCCCAACGTTTACGGCATGGACTAC,Bacteria,Actinobacteriota,Acidimicrobiia,Microtrichales,Ilumatobacteraceae,Ilumatobacter
CGGGACTTAACCCAACATCTCACGACACGAGCTGACGACAGCCATGCACCACCTGTGATCGAGTCCCGAAGGAGGGCCGTATTTCTACGGCTTTCCCGACCATGTCAAGCCTTGGTAAGGTTCTTCGCGTTGCGTCGAATTAAACCACATGCTCCGCTGCTTGTGCGGGCCCCCGTCAATTCCTTTGAGTTTTAGCCTTGCGGCCGTACTCCCCAGGCGGGGTGCTTAATGCGTTAGCTTCGGCACGGAGGGAGTCGACACCCCCCACACCTAGCACCCATCGTTTACGGCGTGGACTAC,Bacteria,Actinobacteriota,Thermoleophilia,Gaiellales,Gaiellaceae,Gaiella
CGGGACTTAACCCAACATCTCACGACACGAGCTGACGACAACCATGCACCACCTGTACACCAGCCACAAAGGGGGCTCCCATCTCTGGAAGTTTCCGGTGTATGTCAAGCCTTGGTAAGGTTCTTCGCGTTGCATCGAATTAATCCGCATGCTCCGCCGCTTGTGCGGGCCCCCGTCAATTCCTTTGAGTTTTAGCCTTGCGGCCGTACTCCCCAGGCGGGGCGCTTAATGCGTTAGCTGCGGCACGGACCCCGTGGAATGGGACCCACACCTAGCGCCCAACGTTTACGGCGTGGACTAC,Bacteria,Actinobacteriota,Actinobacteria,Micrococcales,Intrasporangiaceae,Ornithinimicrobium
CGGGACTTAACCCAACATCTCACGACACGAGCTGACGACAGCCATGCACCACCTGTATAGAGCCCTTACGGACCTCCTGTCTCCAGGAGATTTCCCTATATGTCAAACCTAGGTAAGGTTCTTCGCGTTGCATCGAATTAATCCGCATGCTCCGCCGCTTGTGCGGGCCCCCGTCAATTCCTTTGAGTTTTAGCCTTGCGGCCGTACTCCCCAGGCGGGGCGCTTAATGCGTTAGCTGCGGCACGGAACTCGTGGAATGAGTCCCACACCTAGCGCCCAACGTTTACGGTGTGGACTAC,Bacteria,Actinobacteriota,Actinobacteria,Propionibacteriales,Nocardioidaceae,Marmoricola
CGGGACTTAACCCAACATCTCACGACACGAGCTGACGACAACCATGCACCACCTGTCACTCTGTCCCCCGAAGGGGAACGTCCTATCTCTAGGATTGTCAGAGGATGTCAAGACCTGGTAAGGTTCTTCGCGTTGCTTCGAATTAAACCACATGCTCCACCGCTTGTGCGGGTCCCCGTCAATTCCTTTGAGTTTCAGCCTTGCGGCCGTACTCCCCAGGCGGAGTGCTTAATGCGTTTACTGCAGCACTAAAGGGCGGAAACCCTCTAACACTTAGCACTCATCGTTTACGGCGTGGACTAC,Bacteria,Firmicutes,Bacilli,Bacillales,Bacillaceae,Bacillus
CGGGACTTAACCCAACATCTCACGACACGAGCTGACGACAACCATGCACCACCTGTCACCGTTGTCCCCGAAGGGAAAACTGTATCTCTACAGTGGTCAATGGGATGTCAAGACCTGGTAAGGTTCTTCGCGTTGCTTCGAATTAAACCACATGCTCCACCGCTTGTGCGGGCCCCCGTCAATTCCTTTGAGTTTCAGTCTTGCGACCGTACTCCCCAGGCGGAGTGCTTAATGCGTTAGCTGCAGCACTAAGGGGCGGAAACCCCCTAACACTTAGCACTCATCGTTTACGGCGTGGACTAC,Bacteria,Firmicutes,Bacilli,Bacillales,Planococcaceae,Lysinibacillus
CGGGACTTAACCCAACATCTCACGACACGAGCTGACGACAACCATGCACCACCTGTCACTCTGTCCCCCGAAGGGGAAGGTCCTATCTCTAGGATGGTCAGAGGATGTCAAGACCTGGTAAGGTTCTTCGCGTTGCTTCGAATTAAACCACATGCTCCACCGCTTGTGCGGGTCCCCGTCAATTCCTTTGAGTTTCAGCCTTGCGGCCGTACTCCCCAGGCGGAGTGCTTAATGCGTTTGCTGCAGCACTAAAGGGCGGAAACCCTCTAACACTTAGCACTCATCGTTTACGGCGTGGACTAC,Bacteria,Firmicutes,Bacilli,Bacillales,Bacillaceae,Bacillus
CGGGACTTAACCCAACATCTCACGACACGAGCTGACGACAACCATGCACCACCTGTCTCCTCTGTCCCGAAGGCCGCACCTATCTCTAGGTGATTCAGAGGGATGTCAAGAGCTGGTAAGGTTCTTCGCGTTGCTTCGAATTAAACCACATACTCCACTGCTTGTGCGGGTCCCCGTCAATTCCTTTGAGTTTCACTCTTGCGAGCGTACTCCCCAGGCGGAATGCTTAATGTGTTAACTTCGGCACCAAGGGTATTGAAACCCCTAACACCTAGCATTCATCGTTTACGGCGTGGACTAC,Bacteria,Firmicutes,Bacilli,Paenibacillales,Paenibacillaceae,Paenibacillus
CGGGACTTAACCCAACATCTCACGACACGAGCTGACGACAACCATGCACCACCTGTCTCCATTGCCCCGAAGGGAAGGTCCCGTTACGGACCGGTCAATGGGATGTCAAGACCTGGTAAGGTTCTTCGCGTTGCTTCGAATTAAACCACATGCTCCACCGCTTGTGCGGGTCCCCGTCAATTCCTTTGAGTTTCATTCTTGCGAACGTACTCCCCAGGTGGAATACTTATTGCGTTAGCTGCGGCACCGAGGTCAATTAAGACCCCGACACCTAGTATTCATCGTTTACGGCGTGGACTAC,Bacteria,Firmicutes,Clostridia,Lachnospirales,Lachnospiraceae,Herbinix
CGGGACTTAACCCAACATCTCACGACACGAGCTGACGACAGCCATGCAGCACCTGTCTCCGGTCCAGCCGAACTGAAGGATTCCGTCTCTGGAATCCGCGACCGGGATGTCAAGGGCTGGTAAGGTTCTTCGCGTTGCGTCGAATTAAACCACATGCTCCACCGCTTGTGCGGGCCCCCGTCAATTCCTTTGAGTTTTAATCTTGCGACCGTACTCCCCAGGCGGAATGCTTAAAGCGTTAGCTGCGCCACTAGTGAGTAAACCCACTAACGGCTGGCATTCATCGTTTACGGCGTGGACTAC,Bacteria,Proteobacteria,Alphaproteobacteria,Rhizobiales,Xanthobacteraceae,Bradyrhizobium
CGGGACTTAACCCAACATCTCACGACACGAGCTGACGACAGCCATGCAGCACCTGTGTTCCGGCCAGCCGAACTGAAGGAACCTGTCTCCAGGATCCAAACCGGACATGTCAAAGGCTGGTAAGGTTCTGCGCGTTGCTTCGAATTAAACCACATGCTCCACCGCTTGTGCGGGCCCCCGTCAATTCCTTTGAGTTTTAATCTTGCGACCGTACTCCCCAGGCGGAATGCTTAAAGCGTTAGCTGCGCCACTGAGCAGCAAGCTGCCCAACGGCTGGCATTCATCGTTTACGGCGTGGACTAC,Bacteria,Proteobacteria,Alphaproteobacteria,Rhizobiales,Beijerinckiaceae,Microvirga
CGGGACTTAACCCAACATCTCACGACACGAGCTGACGACAGCCATGCAGCACCTGTGTCCACGTCCCGAAGGAAGGAAACCGTCTCCGGTAACCGTCGTGGCATGTCAAGAGCTGGTAAGGTTCTGCGCGTTGCTTCGAATTAAACCACATGCTCCACCGCTTGTGCGGGCCCCCGTCAATTCCTTTGAGTTTTAATCTTGCGACCGTACTCCCCAGGCGGGAAGCTTAATGCGTTGGCTGCGCCACCGAGTGATAAATCACCCGACGGCTAGCTTCCATCGTTTACGGCGTGGACTAC,Bacteria,Proteobacteria,Alphaproteobacteria,Rhizobiales,Rhizobiaceae,Aureimonas
CGGGACTTAACCCAACATCTCACGACACGAGCTGACGACAGCCATGCAGCACCTGTGCTCCGGTCCCCGAAGGGAACTCCAAATCTCTCTGGATAGCCGGACATGTCAAGGGCTGGTAAGGTTCTGCGCGTTGCTTCGAATTAAACCACATGCTCCACCGCTTGTGCGGGCCCCCGTCAATTCCTTTGAGTTTTAATCTTGCGACCGTACTCCCCAGGCGGAATGTTTAATGCGTTAGCTGCGCCACCGAACAGTAAACTGCCCGACGGCTAACATTCATCGTTTACGGCGTGGACTAC,Bacteria,Proteobacteria,Alphaproteobacteria,Rhizobiales,Rhizobiaceae,Allorhizobium-Neorhizobium-Pararhizobium-Rhizobium
CGGGACTTAACCCAACATCTCACGACACGAGCTGACGACAGCCATGCAGCACCTGTGGCGGCCCCCCGAGGGGAAGCCCGGGTCTCCCCGGGCCGCGGCCGCCATGTCAAGGGCTGGTAAGGTTCTGCGCGTTGCGTCGAATTAAACCACATGCTCCACCGCTTGTGCGGGCCCCCGTCAATTCCTTTGAGTTTTAACCTTGCGGCCGTACTCCCCAGGCGGTGCGCTTACCGCGTTGGCTCCGGCACCGAGGGGCAAGCCCCCCGACGCCCAGCGCACATCGTTTAGGGCGTGGACTAC,Bacteria,Proteobacteria,Alphaproteobacteria,Tistrellales,Geminicoccaceae,Candidatus Alysiosphaera
CGGGACTTAACCCAACATCTCACGACACGAGCTGACGACAGCCATGCAGCACCTTCACAACAGCCATTGCTGGAACACCCATTTCTGAATGCGTCTATTGTGATTTAGCCCAGGTAAGGTTCCTCGCGTATCATCGAATTAAACCACATGCTCCACCGCTTGTGCGGACCCCCGTCAATTCCTTTGAGTTTCACCGTTGCCGGCGTACTCCCCAGGTGGAGGACTTAACGGTTTCCCTAAGCCGCTGAACCTTGACAGCCCAACAGCGAGTCCTCATCGTTTACGGCATGGACTAC,Bacteria,Bacteroidota,Bacteroidia,Cytophagales,Spirosomaceae,Dyadobacter
CGGGACTTAACCCAACACCTCACGGCACGAGCTGACGACGGCCATGCAGCACCTTGCTTTGTGTCCCGAAGGAAAGGCTCATCTCTGAGCCGGTCACGCGCATTCTAGCCTAGGTAAGGTTCCTCGCGTATCATCGAATTAAACCACATGCTCCACCACTTGTGCGGGCCCCCGTCAATTCCTTTGAGTTTCACTCTTGCGAGCGTACTCCCCAGGTGGGATACTTAACGCTTTCGCTAAGTCACTAACAGTGTATCGCTAGCAACGAGTATCCATCGTTTACGGCGTGGACTAC,Bacteria,Bacteroidota,Bacteroidia,Cytophagales,Hymenobacteraceae,Hymenobacter
CGGGACTTAACCCAACACCTCACGGCACGAGCTGACGACGGCCATGCAGCACCTTGCTTTGTGTCCCGAAGGAAAGGCTCATCTCTGAGCCGGTCACGCGCATTCTAGCCTAGGTAAGGTTCCTCGCGTATCATCGAATTAAACCACATGCTCCACCACTTGTGCGGGCCCCCGTCAATTCTTTTGAGTTTCACTCTTGCGAGCGTACTCCCCAGGTGGGATACTTAACGCTTTCGCTAAGCCAGTGACAGTCTGTCGCCACCAGCGAGTATCCATCGTTTACGGCGTGGACTAC,Bacteria,Bacteroidota,Bacteroidia,Cytophagales,Hymenobacteraceae,Hymenobacter
CAGGACTTAACCTAACACCTCACGGCACGAGCTGACGACAACCATGCAGCACCTTGAAAATTGCCCGAAGGAAGGTCTATTTCTAAACCGATCAATTCCCATTTAAGCCTTGGTAAGGTTCCTCGCGTATCATCGAATTAAACCACATAATCCACCGCTTGTGCGGGCCCCCGTCAATTCCTTTGAGTTTCATTCTTGCGAACGTACTCCCCAGGTGGCTAACTTATCACTTTCGCTTAGTCTCTGAATCCGAAAACCCAAAAACGAGTTAGCATCGTTTACGGCGTGGACTAC,Bacteria,Bacteroidota,Bacteroidia,Flavobacteriales,Weeksellaceae,Chryseobacterium
CGGGACTTAACCCAACACCTCACGGCACGAGCTGACGACAGCCATGCAGCACCTAGTTTCCTGTCCTTGCGGACGCTCCCATCTCTGGGAACTTCAGTAACTTTCAAGCCCGGGTAAGGTTCCTCGCGTATCATCGAATTAAACCACATGCTCCTCCGCTTGTGCGGGCCCCCGTCAATTCCTTTGAGTTTCACCCTTGCGGGCGTACTCCCCAGGTGGAATACTTAACGCTTTCGCTTAGACGCTAACTGTATATCGCTAACATCGAGTATTCATCGTTTAGGGCGTGGACTAC,Bacteria,Bacteroidota,Bacteroidia,Sphingobacteriales,Sphingobacteriaceae,Arcticibacter
CGGGACTTAACCCAACATCTCACGACACGAGCTGACGACAGCCATGCAGCACCTGTTTTCAAGGCCCCGAAAGGCACCCCACTGTTTCCAGCGGGTTCTATCAATGTCAAGTCTGGGTAAGGTTCTTCGCGTTGCGTCGAATTAAACCACATGCTCCACCGCTTGTGCGGGCCCCCGTCAATTCCTTTGAGTTTTAGCCTTGCGGCCGTACTTCCCAGGCGGGATACTTAATGCGTTAGCGACGGCACTGCAGGGGTCAATACCCGCAATACCTAGTATCCATCGTTTACGGCGTGGACTAC,Bacteria,Myxococcota,Myxococcia,Myxococcales,Myxococcaceae,P3OB-42
CGGGACTTAACCCAACATCTCACGACACGAGCTGACGACAGCCATGCAGCACCTGTCTCTTGGTTCCCTTGCGGGCACTCCCTCATCTCTGAGGGATTCCAAGGATGTCAAGACCAGGTAAGGTTCTGCGCGTTGCGTCGAATTAAACCACATGCTCCACCGCTTGTGCGGGCCCCCGTCAATTCCTTTGAGTTTTAGTCTTGCGACCGTACTTCCCAGGCGGAGAACTTAATGCGTTAGCTTCGGCACCGCGGGGGTCAACTCCCACGACACCTAGTTCTCATCGTTTACGGCGTGGACTAC,Bacteria,Myxococcota,Myxococcia,Myxococcales,Myxococcaceae,Pyxidicoccus
CGGGACTTAACCCAACATCTCACGACACGAGCTGACGACAGCCATGCAGCACCTGTTTTCTAGGCCCCGAAGGGCACCCCGTCGTTTCCGACAGGTTCTATCAATGTCAAGTCTGGGTAAGGTTCTTCGCGTTGCGTCGAATTAAACCACATGCTCCACCGCTTGTGCGGGCCCCCGTCAATTCCTTTGAGTTTTAGCCTTGCGGCCGTACTTCCCAGGCGGGATACTTAATGCGTTAGCGACGGCACTTCGGGGGTCAATACCCGAAACACCTAGTATCCATCGTTTACGGCGTGGACTAC,Bacteria,Myxococcota,Myxococcia,Myxococcales,Myxococcaceae,P3OB-42
CGGGACTTAACCCAACATCTCACGACACGAGCTGACGACAGCCATGCAGCACCTGTCTCTCGGTTCCCTTGCGGGCACTCCCTCATCTCTGAAGGATTCCGAGGATGTCAAGACCAGGTAAGGTTCTGCGCGTTGCGTCGAATTAAACCACATGCTCCACCGCTTGTGCGGGCCCCCGTCAATTCCTTTGAGTTTTAGCCTTGCGGCCGTACTTCCCAGGCGGAGCGCTTAATGCGTTAGCTGCGGCACTGCGGGGGTCAACACCCACAACACCTAGCGCTCATCGTTTACGGCGTGGACTAC,Bacteria,Myxococcota,Myxococcia,Myxococcales,Anaeromyxobacteraceae,Anaeromyxobacter
CGGGACTTAACCCAACATCTCACGACACGAGCTGACGACAGCCATGCAGCACCTGTTTTCAAGGCCCCGAAAGGCACTCCACTGTTTCCAGCGGATTCTATCAATGTCAAGTCTGGGTAAGGTTCTTCGCGTTGCGTCGAATTAAACCACATGCTCCACCGCTTGTGCGGGCCCCCGTCAATTCCTTTGAGTTTTAGCCTTGCGGCCGTACTTCCCAGGCGGAGTATTTAATGCGTTAGCGACGGCACTGCAGGGGTCAATACCCGCAATACCTAATACTCATCGTTTACGGCGTGGACTAC,Bacteria,Myxococcota,Myxococcia,Myxococcales,Myxococcaceae,P3OB-42
CGGGACTTAACCCAACATCTCACGACACGAGCTGACGACAGCCATGCAGCACCTCGACTTCAGTCTCTTGCGAGAGGGCTCCTATTTCTAAGAGCTTGCCAAAGCCGTTCGAGCCCAGGTAAGGTTCTTCGCGTTGCGTCGAATTAAACCACATGCTCCACCGCTTGTGCGGGCCCCCGTCAATTCCTTTGAGTTTCAGCCTTGCGACCGTACTCCCCAGGCGGCATACTTAACGCGTTAGCTCCGGCACGGATAGAATGAACTACCCACACCAAGTATGCATCGTTTAGGGCGTGGACTAC,Bacteria,Acidobacteriota,Acidobacteriae,Bryobacterales,Bryobacteraceae,Bryobacter
CGGGACTTAACCCAACATCTCACGACACGAGCTGACGACAGCCATGCAGCACCTCGACTTCAGTCCCTTGCGGGAGGCCCCGTGTTTCCACAGGCTTGCCAAAGCCGTTCGAGCCCAGGTAAGGTTCTTCGCGTTGCGTCGAATTAAACCACATGCTCCACCGCTTGTGCGGGCCCCCGTCAATTCCTTTGAGTTTCAGCCTTGCGACCGTACTCCCCAGGCGGCATACTTAACGCGTTAGCTCCGGCACGGATAGAATGAACTACCCACACCAAGTATGCATCGTTTAGGGCGTGGACTAC,Bacteria,Acidobacteriota,Acidobacteriae,Bryobacterales,Bryobacteraceae,Bryobacter
CGGGACTTAACCCAACATCTCACGACACGAGCTGACGACAGCCATGCAGCACCTCGACTTCAGTCCCTTGCGGGAGGTCTCCTGTTTCCAAGAAATTGCCAAAGCCGTTCGAGCCCAGGTAAGGTTCTTCGCGTTGCGTCGAATTAAACCACATGCTCCACCGCTTGTGCGGGCCCCCGTCAATTCCTTTGAGTTTCAGCCTTGCGACCGTACTCCCCAGGCGGCATACTTAACGCGTTAGCTCCGGCACGGATAGAATGAACTACCCACACCAAGTATGCATCGTTTAGGGCGTGGACTAC,Bacteria,Acidobacteriota,Acidobacteriae,Bryobacterales,Bryobacteraceae,Bryobacter
CGGGACTTAACCCAACATCTCACGACACGAGCTGACGACAGCCATGCAGCACCTCGACTTCAGTCCCTTGCGGGAGGGCTCCTGTTTCCAAGAGCTTGCCAAAGCCGTTCGAGCCCAGGTAAGGTTCTTCGCGTTGCGTCGAATTAAACCACATGCTCCACCGCTTGTGCGGGCCCCCGTCAATTCCTTTGAGTTTCAGCCTTGCGACCGTACTCCCCAGGCGGCATACTTAACGCGTTAGCTCCGGCACGGATAGAATGAACTACCCACACCAAGTATGCATCGTTTAGGGCGTGGACTAC,Bacteria,Acidobacteriota,Acidobacteriae,Bryobacterales,Bryobacteraceae,Bryobacter
CGGGACTTAACCCAACATCTCACGACACGAGCTGACGACAGCCATGCAGCACCTACGCAGCAGTCTCTTGCGAGAAAGGGATATTTCTACCCCGGTCCACTGCGCTTCGAGCCCAGGTAAGGTTCTTCGCGTTGCGTCGAATTGAACCACATGCTCCACCGCTTGTGCGGGCCCCCGTCAATTCCTTTGAGTTTCAGCCTTGCGACCGTACTCCCCAGGCGGATTGCTTATCGCGTTAGCTGCGGCACGACAGGATTGGGTACCTGTCACACCAAGCAATCATAGTTTAGGGCTAGGACTAC,Bacteria,Acidobacteriota,Acidobacteriae,Acidobacteriales,Koribacteraceae,Candidatus Koribacter
CGGGACTTAACCCAACATCTCACGACACGAGCTGACGACAGCCATGCAGCACCTGTCTCTAAGTTCCCCGAAGGGCACCCTCTGATCTCTCAAAGGTTCTTAGGATGTCAAGACCTGGTAAGGTTCTTCGCGTTGCTTCGAATTAAACCACATGCTCCACCGCTTGTGCGGGCCCCCGTCAATTCCTTTGAGTTTCAACCTTGCGGCCGTACTTCCCAGGCGGTACGTTTATCGCGTTAGCTTCGCCTAGCACAGCATCCTGCGCTAAGCCAACGTACATCGTTTAGGGTGTGGACTAC,Bacteria,Deinococcota,Deinococci,Deinococcales,Deinococcaceae,Deinococcus
CGGGACTTAACCCAACATCTCACGACACGAGCTGACGACAGCCATGCAGCACCTGTCTCTAGATTCCCCGAAGGGCACCCGACCATCTCTGGAAGGTTTCTAGGATGTCAAGACCTGGTAAGGTTCTTCGCGTTGCTTCGAATTAAACCACATGCTCCACCGCTTGTGCGGGCCCCCGTCAATTCCTTTGAGTTTCAACCTTGCGGCCGTACTTCCCAGGCGGTACGTTTATCGCGTTAGCTTCGCCTAGCACAGCATCCTGCGCTAAGCCAACGTACATCGTTTAGGGTGTGGACTAC,Bacteria,Deinococcota,Deinococci,Deinococcales,Deinococcaceae,Deinococcus
CGGGACTTAACCCAACATCTCACGACACGAGCTGACGACAGCCATGCAGCACCTGTCTCTAGGTTCCCCGAAGGGCACTCTCTTATCTCTAAGAGATCCCTAGGATGTCAAGACCTGGTAAGGTTCTTCGCGTTGCTTCGAATTAAACCACATGCTCCACCGCTTGTGCGGGTCCCCGTCAATTCCTTTGAGTTTCAACCTTGCGGCCGTACTTCCCAGGCGGCATACTTAACGCGTTAGCTCCGGCACCGACCCCAACGGGCCGACACCAAGTATGCATCGTTTAGGGTGTGGACTAC,Bacteria,Deinococcota,Deinococci,Deinococcales,Trueperaceae,Truepera
CGGGACTTAACCCAACATCTCACGACACGAGCTGACGACAGCCATGCAGCACCTGTCTTACGGTTCCCCGAAGGGCACCCCGTTATCTCTAACAGGTTCCGTAGATGTCAAGACCTGGTAAGGTTCTTCGCGTTGCTTCGAATTAAACCACATGCTCCACCGCTTGTGCGGGTCCCCGTCAATTCCTTTGAGTTTCAACCTTGCGGCCGTACTTCCCAGGCGGCATACTTAACGCGTTAACTCCGGCACCGACCCCAACGGGCCGACACCAAGTATGCATCGTTTAGGGTGTGGACTAC,Bacteria,Deinococcota,Deinococci,Deinococcales,Trueperaceae,Truepera
CGGGACTTAACCCAACATCTCACGACACGAGCTGACGACAGCCATGCAGCACCTGTCTCTAGGTTCCCCGAAGGGCACCCCTTGATCTCTCAAAGGTTCCTAGGATGTCAAGACCTGGTAAGGTTCTTCGCGTTGCTTCGAATTAAACCACATGCTCCACCGCTTGTGCGGGCCCCCGTCAATTCCTTTGAGTTTCAACCTTGCGGCCGTACTTCCCAGGCGGTACGTTTATCGCGTTAGCTTCGCCCATAACAGCATCCTGCTATAGGCCAACGTACATCGTTTAGGGTGTGGACTAC,Bacteria,Deinococcota,Deinococci,Deinococcales,Deinococcaceae,Deinococcus
CGGGACTTAACCCAACATCTCACGACACGAGCTGACGACAGCCATGCAGCATCTGTGTACCACCCTCGAAGGAGCTCCGTTTCCGGAGTGTGCAGGTACATGTCAAGGCTGGGTAAGGTTCTTCGTGTTGCATCGAATTAAACCACACGCTCCGCTGCTTGTGCGGGCCCCCGTCAATTCCTTTGAGTTTTAAGCTTGCGCTCGTAGTCCCCAGGCGGTCGACTTCTCGCGTGAGCTTAGGCACACAGCGCGCTTTCGCGCCCCGCACACCGAGTCGACATCGTTTACGGCGTGGACTAC,Bacteria,Chloroflexi,Chloroflexia,Chloroflexales,Chloroflexaceae,FFCH7168
CGGGACTTAACCCAACATCTCACGACACGAGCTGACGACAGCCATGCAGCACCGGTGCAGCACCCTCAAAGGCGGCTCTGTTTCTAGAGCTTGCAGCTGCATGTCAAGGCAAGGTAAGGTTCTGCGCGTTGCGTCGAATTAAACCACACGCTCCGCTGCTTGTGCGGGCCCCCGTCAATTCCTTTGAGTTTTAAGCTTGCGCTCGTAGTCCCCAGGCGGCATACTCATCGCGTAAGCTGGGGCACTGCGCGGTCCTTTAACAGACCGCCCAACACCGGGTATGCATCGTTTACTGCGTGGACTAC,Bacteria,Chloroflexi,Chloroflexia,Chloroflexales,Herpetosiphonaceae,Herpetosiphon
CGGGACTTAACCCAACATCTCACGACACGAGCTGACGACAGCCATGCAGCACCGGTGCTCCACCCTCGAAGGCCTCTCTGTTTCCAGAGCCTGCAGGAGCATGTCAAGGCAAGGTAAGGTTCTGCGCGTTGCGTCGAATTAAACCACACGCTCCGCTGCTTGTGCGGGCCCCCGTCAATTCCTTTGAGTTTTAAGCTTGCGCTCGTAGTCCCCAGGCGGCACACTCATCGCGTAAGCTTGGGCACCGCACCGACCTAGACGGTCGGTCCGACACCGGGTGTGCATCGTTTACTGCGTGGACTAC,Bacteria,Chloroflexi,Chloroflexia,Chloroflexales,Herpetosiphonaceae,Herpetosiphon
CGGGACTTAACCCAACATCTCACGACACGAGCTGACGACAGCCATGCAGCACCGGTGCTACACCCTCGAAGGCTCCTCCGTTTCCGGAGTGTGCAGTAGCATGTCAAGGCAAGGTAAGGTTCTGCGCGTTGCGTCGAATTAAACCACACGCTCCGCTGCTTGTGCGGGCCCCCGTCAATTCCTTTGAGTTTTAAGCTTGCGCTCGTAGTCCCCAGGCGGCACACTCATCGCGTAAGCTTGGGCACCGCACCGACCTTAACAGTCGGTCCGACACCGGGTGTGCATCGTTTACTGCGTGGACTAC,Bacteria,Chloroflexi,Chloroflexia,Chloroflexales,Herpetosiphonaceae,Herpetosiphon
CGGGACTTAACCCAACATCTCACGACACGAGCTGACGACAGCCATGCAGCATCTGTGCACCACCCTCGAAGGCGACTTCCTTTCAGAAGCTTGCAGGTGCATGTCAAACCTGGGTAAGGTTCTGCGCGTTGCGTCGAATTAAACCACACGCTCCGCTGCTTGTGCGGGCCCCCGTCAATTCCTTTGAGTTTTAAGCTTGCGCTCGTAGTTCCCAGGCGGGCCACTTCCCGCGTTAGCTAAGGCCCCCAAAGACGGAGATTCCGCCTCCAAAGGCCGAGTGGCCATCGTTTACGGCGTGGACTAC,Bacteria,Chloroflexi,Chloroflexia,Chloroflexales,Roseiflexaceae,NA
CCGGACTTAACCGAACATTTCACAACACGAGCTGACGACAGCCATGCAGCACCTGTCTACGAGTACCCGAAGGTAAAGCTACATCTCTGCAGCGATCTCGCGATGTCAAGACCAGGTAAGGTTCTGCGCGTTGCGTCGAATTAAACCACATACTCCACCGCTTGTGCGGGCCCCCGTCAATTCCTTTGAGTTTTAGTCTTGCGACCGTACTTCCCAGGCGGGACACTTAATGCGTTAGCTTTGCCACTCAAAGGGTTAATGCTTCGAACGGCGAGTGTCCATAGTTTACGGCGTGGACTAC,Bacteria,Bdellovibrionota,Oligoflexia,Oligoflexales,Oligoflexaceae,Oligoflexus
CCGGACTTAACCGAACATTTCACAACACGAGCTGACGACAGCCATGCAGCACCTGTCTACGAGTGCCCGAAGGCAAAGCTACATCTCTGCAGCGATCTCGCGATGTCAAGACCAGGTAAGGTTCTGCGCGTTGCGTCGAATTAAACCACATACTCCACCGCTTGTGCGGGCCCCCGTCAATTCCTTTGAGTTTTAGTCTTGCGACCGTACTTCCCAGGCGGGACACTTAATGCGTTAGCTTTGCCACTCAAAGGGTTAATGCTTCGAACGGCGAGTGTCCATAGTTTACGGCGTGGACTAC,Bacteria,Bdellovibrionota,Oligoflexia,Oligoflexales,Oligoflexaceae,Oligoflexus
CCGGACTTAACCGAACATCTCACGACACGAGCTGACGACAGCCATGCAGCACCTGTCACCTGGCTTCCTCTTGCGAGGACACCCCAGTGTTTCCACCGGGTTCCAGGGATGTCAAGGCTGGGTAAGGTTCTTCGCGTTGCGTCGAATTAAACCACATACTCCACCGCTTGTGCGGGCCCCCGTCAATTCCTTTGAGTTTCAACCTTGCGGCCGTACTCCCCAGGCGGTGTGCTTATCGCGTTAGCTTCGATACCGAGGGGGTGAATACCCCCGACATCCAGCACACATCGTTTACAGCGTGGACTAC,Bacteria,Bdellovibrionota,Bdellovibrionia,Bdellovibrionales,Bdellovibrionaceae,OM27 clade
CCGGACTTAACCGAACACCTCACAGCACGAGCTGACGACAGCCATGCAGCACCTGTCATCGGATTCCTTCGTGAGAAGGCACCCTCACATTTCAGCGAGGTTTCCGAGATGTCAAGTCTGGGTAAGGTTCTGCGCGTTGCTTCGAATTAAACCACATGCTCCACCGCTTGTGCGGGCCCCCGTCAATTCCTTTGAGTTTTAGCCTTGCGGCCGTACTTCCCAGGCGGAGTGCTTAATGCGTTAGCTTCGCCACTGAGACGGTAGACATTCCCAGCAGCTAGCACTCATCGTTTACAGCGTGGACTAC,Bacteria,Bdellovibrionota,Bdellovibrionia,Bdellovibrionales,Bdellovibrionaceae,OM27 clade
CCGGACTTAACCGAACACCTCACAGCACGAGCTGACGACAGCCATGCAGCACCTGTCATCCGGCTCCTTCGTGAGAAGGCACCCCCACGTTTCCGCAGGGTTCCGGAGATGTCAAGCCTGGGTAAGGTTCTGCGCGTTGCTTCGAATTAAACCACATGCTCCACCGCTTGTGCGGGCCCCCGTCAATTCCTTTGAGTTTTAGCCTTGCGGCCGTACTTCCCAGGCGGAGTGCTTAATGCGTTAGCTTCGCCACTGAGACGGTAAACATTCCCAGCAGCTAGCACTCATCGTTTACGGCGTGGACTAC,Bacteria,Bdellovibrionota,Bdellovibrionia,Bdellovibrionales,Bdellovibrionaceae,OM27 clade
CGGGACTTAACCCAACATCTCACGACACGAGCTGACGACAGCCATGCAGCACCTGTGTGGAAAGCTCCATTGCTGGAGAGGGACGATCTCTCGTCCTGTCTTTCCCATGTCAAGCCTTGGTAAGGTTCTGCGCGTTGCGTCGAATTAAACCACATGCTCCACCGCTTGTGCGGGCCCCCGTCAATTCCTTTGAGTTTCACTCTTGCGAGCGTACTCCCCAGGCGGATTACTTAACGCGTTAGCTGCGGCTCTGGACCGTTGACGGGCCCAAAACCTAGTAATCATCGTTTATGGCATGGACTAC,Bacteria,Fibrobacterota,Fibrobacteria,Fibrobacterales,Fibrobacteraceae,possible genus 04
CGGGACTTAACCCAACATCTCACGACACGAGCTGACGACAGCCATGCAGCACCTGTGTGGACAGCTCCATTGCTGGAGAAGCACGATCTCTCGTACGGTCTGTCCCATGTCAAGCCTTGGTAAGGTTCTTCGCGTTGCGTCGAATTAAACCACATGCTCCACCGCTTGTGCGGGCCCCCGTCAATTCCTTTGAGTTTCAGTCTTGCGACCGTACTCCCCAGGCGGAATACTTAACGCGTTAGCTGCGGCTCTGGACCGTTGACGGGCCCAAAACCTAGTATTCATCGTTTATGGCATGGACTAC,Bacteria,Fibrobacterota,Fibrobacteria,Fibrobacterales,Fibrobacteraceae,possible genus 04
CGGGACTTAACCCAACATCTCACGACACGAGCTGACGACAGCCATGCAGCACCTGTGACCGCGCCCCGAAGGGCGACGCAGGTTTCCCCGCGCCTTCACGGCCATGTCAAGCCTAGGTAAGGTTCTTCGCGTTGCGTCGAATTAAACCACATGCTCCACCGCTTGTGCGGGCCCCCGTCAATTCCTTTGAGTTTCAACCTTGCGGTCGTACTCCCCAGGCGGGGCACTTAATGCGTTAGCGTCGGCACTCAGGGGGTCGCTCCCCCAAGCACCTAGTGCCCATCGTTTACGGCGTGGACTAC,Bacteria,Gemmatimonadota,Gemmatimonadetes,Gemmatimonadales,Gemmatimonadaceae,Gemmatimonas
CGGGACTTAACCCAACATCTCACGACACGAGCTGACGACAGCCATGCAGCACCTGTGCATGAGCTCCGAAGAGGGGCCTCTGTTTCCAGAGGCTTTCCCATACATGTCAAGCCTAGGTAAGGTTCTTCGCGTTGCGTCGAATTAAACCACATGCTCCACCGCTTGTGCGGGCCCCCGTCAATTCCTTTGAGTTTCAACCTTGCGGTCGTACTCCCCAGGCGGGGCACTTAATGCGTTAGCGCCGGCACTCGGGGGGTCGCTCCCCCAAGCACCTAGTGCCCATCGTTTACGGCGTGGACTAC,Bacteria,Gemmatimonadota,Gemmatimonadetes,Gemmatimonadales,Gemmatimonadaceae,Gemmatimonas
CGGGACTTAACCCAACATCTCACGACACGAGCTGACGACAGCCATGCAGCACCTGTGCACGGGCTCCGAAGAGGGCCGGCCGTTTCTGACCGGTTTCCCGTGTATGTCAAGCCTAGGTAAGGTTCTTCGCGTTGCGTCGAATTAAACCACATGCTCCACCGCTTGTGCGGGCCCCCGTCAATTCCTTTGAGTTTCAGCCTTGCGGCCGTACTCCCCAGGCGGGGCACTTAATGCGTTAGCGCCGGCCCTCGGGGGGTCGCTCCCCCAAGCGCCTAGTGCCCATCGTTTACGGCGTGGACTAC,Bacteria,Gemmatimonadota,Gemmatimonadetes,Gemmatimonadales,Gemmatimonadaceae,Gemmatimonas
CGGGACTTAACCCAACATCTCACGACACGAGCTGACGACAGCCATGCAGCACCTGTGCATGAGCTCCGAAGAGGGGCCTCTGTTTCCAGAGGCTTTCCCATGCATGTCAAGCCTAGGTAAGGTTCTTCGCGTTGCGTCGAATTAAACCACATGCTCCACCGCTTGTGCGGGCCCCCGTCAATTCCTTTGAGTTTCAACCTTGCGGTCGTACTCCCCAGGCGGGGCACTTAATGCGTTAGCGCCGGCACTCGGGGGGTCGCTCCCCCAAGCACCTAGTGCCCATCGTTTACGGCGTGGACTAC,Bacteria,Gemmatimonadota,Gemmatimonadetes,Gemmatimonadales,Gemmatimonadaceae,Gemmatimonas
CGGGACTTAACCCAACATCTCACGACACGAGCTGACGACAGCCATGCAGCACCTGTGCACGTGTTCCGAAGAAGGTCCCCGCTTTCACGAGGATTTCACGTGCATGTCAAGCCCAGGTAAGGTTCTTCGCGTTGCTTCGAATTAAACCACATGCTCCACCGCTTGTGCGGGCCCCCGTCAATTCCTTTGAGTTTCAGCCTTGCGGCCGTACTCCCCAGGCGGGGCACTTAACGCGTTAGCTGCGGCACGGAAGGGGTCGATCCCACCCGCGCCCAGTGCCCATCGTTTACGGCGTGGACTAC,Bacteria,Gemmatimonadota,Longimicrobia,Longimicrobiales,Longimicrobiaceae,Longimicrobium
ATGGACTTAACCAAACATCTCACGACACGAGCTGACGACGGCCATGCAACATCTGTCACCGAGTTCAATAAAGCACTCACTCCTTTCGGAGTAATTCTCGGGATGTCAAACCCTGGTAAGGTTCTTCGTTTAGCATCGAATTAAAGAACATAATCCACCGCTTGTGCGGCTCCCCGTCAATTCCTTTATGTTTTAGTCTTGCGACCGTACTCCACAGGCGGGATACTTAACGCGTTAGCTTCGCTACTGAAGGGGTCGATACCTCCAACAGCTAGTATCCATCGTTTACGGCGTGGACTAC,Bacteria,Patescibacteria,Saccharimonadia,Saccharimonadales,Saccharimonadaceae,TM7a
ATGGACTTAACCAAACATCTCACGACACGAGCTGACGACGGCCATGCATCATCTGTCACCGAGCTCAATAAAGCACTCTCTCCTTTCGGAAAGATTCTCGGGATGTCAAACCCTGGTAAGGTTTTTCGTTTATCATCGAATTAAAGAACACGATCCACCGCTTGTGCGGGTCCCCGTCAATTCCTTTATGTTTTAGTCTTGCGACCGTACTCCACAGGCGGGATACTTAACGCGTTAGCTTCGCTACTGAAGGGGTCGATACCTCCAACAGCTAGTATCCATCGTTTACGGCGTGGACTAC,Bacteria,Patescibacteria,Saccharimonadia,Saccharimonadales,Saccharimonadaceae,TM7a
ATGGACTTAACCAAACATCTCACGACACGAGCTGACGACGGCCATGCATCATCTGTCACCGAGTTCAATAAAGCACTCACTCCTTTCGGAGTAATTCTCGGGATGTCAAGCCCTGGTAAGGTTCTTCGTTTAGCATCGAATTAAAGAACATGATCCACCGCTTGTGCGGGTCCCCGTCAATTCCTTTATGTTTTAGTCTTGCGACCGTACTCCACAGGCGGGATACTTAACGCGTTAGCTTCGCTACTGAAGGGGTCGATACCTCCAACAGCTAGTATCCATCGTTTACGGCGTGGACTAC,Bacteria,Patescibacteria,Saccharimonadia,Saccharimonadales,Saccharimonadaceae,TM7a
ATGGACTTAACCAAACATCTCACGACACGAGCTGACGACGGCCATGCAACATCTGTCACCGAGTTCAATAAAGCACTCTCGCCTTTCGGCAAAATTCTCGGGATGTCAAACCCTGGTAAGGTTCTTCGTTTAGCATCGAATTAAAGAACATAATCCACCGCTTGTGCGGCTCCCCGTCAATTCCTTTATGTTTTAGTCTTGCGACCGTACTCCACAGGCGGGATACTTAACGCGTTAGCTTCGCTACTGAAGGGGTCGATACCTCCAACAGCTAGTATCCATCGTTTACGGCGTGGACTAC,Bacteria,Patescibacteria,Saccharimonadia,Saccharimonadales,Saccharimonadaceae,TM7a
ATGGACTTAACCAAACATCTCACGACACGAGCTGACGACGGCCATGCATCATCTGTCACCGAGTTCAATAAAGCACTCTCGTCTTTCGACAAAATTCTCGGGATGTCAAGCCCTGGTAAGGTTCTTCGTTTAGCATCGAATTAAAGAACATGATCCACCGCTTGTGCGGGTCCCCGTCAATTCCTTTATGTTTTAGTCTTGCGACCGTACTCCACAGGCGGGATACTTAACGCGTTAGCTTCGCTACTGAAGGGGTCGATACCTCCAACAGCTAGTATCCATCGTTTACGGCGTGGACTAC,Bacteria,Patescibacteria,Saccharimonadia,Saccharimonadales,Saccharimonadaceae,TM7a
CGGGACTTAACCCAACATCTCACGACACGAGCTGACGACAGCCATGCAGCACCTGTGCACAGGCCCCAAAGGGAGGGCGACTTTCATCACCTGTCCTGCACATGTCAAACCCAGGTAAGGTTCTTCGCGTTGCGTCGAATTAAACCACATGCTCCACCGCTTGTGCGGGCCCCCGTCAATTCCTTTGAGTTTCAGCCTTGCGACCGTACTCCCCAGGCGGGGCACTTACTGCGTTAGCGCCGGCACCGACGGGATCAAGACCGCCGGCACCTAGTGCCCATCGTTTACAGCGTGGACTAC,Bacteria,Entotheonellaeota,Entotheonellia,Entotheonellales,Entotheonellaceae,NA
CGGGACTTAACCCAACATCTCACGACACGAGCTGACGACAGCCATGCAGCACCTGTGCAAGCTGGTATTGCTACCTCGTCCCTCTTTCAAGGTTCTACTACTTGCATGTCAAGGCCAGGTAAGGTTCTTCGCGTTGCATCGAATTAAGCCACATACTCCACCGCTTGTGCAGGCCCCCGTCAATTTCTTTGAGTTTTAATCTTGCGACCGTACTTCCCAGGCGGCACGTTTATCGCGTTAGCTACGCCACAAAAGGGGTCGATTCCTTTTACAGCAAACGTGCACCGTTTACAGCTAGGACTAC,Bacteria,Verrucomicrobiota,Verrucomicrobiae,Pedosphaerales,Pedosphaeraceae,NA
CGGGACTTAACCCAACATCTCACGACACGAGCTGACGACAGCCATGCAGCACCTGTGCACACTGGTATTGCTACCTCGTCACCCTTTCAGGCTTCTACTATGTGCATGTCAAGGCCAGGTAAGGTTCTTCGCGTTGCATCGAATTAAGCCACATACTCCACCGCTTGTGCAGGCCCCCGTCAATTTCTTTGAGTTTTAATCTTGCGACCGTACTTCCCAGGCGGCATATTTAACGCGTTTGCTTCGCCACAAAAGGGGTCGATTCCTTTTACAGCAAATATGCACCGTTTACAGCTAGGACTAC,Bacteria,Verrucomicrobiota,Verrucomicrobiae,Pedosphaerales,Pedosphaeraceae,NA
CGGGACTTAACCCAACATCTCACGACACGAGCTGACGACAGCCATGCAACACCTGTCTTTGTGCCTCCTTGCGGAGGGGCTCTGCTTTCACAGAGTTACACGCGATGTCAAGCCTGGGTAAGGTTCTTCGGTTAGTGACGAATTAATCCACATGCTCCACCGCTTGTGCGGGCCCCCGTCAATTCCTTTGAGTTTCAACCTTGCGGCCGTACTCCCCAGGCGGAGTGCTTACTGCGTTAGCGGCGGCACCCGGGGGGTCGATACCCCGAACACCTAGCACTCATCGTTTACGGCGTGGACTAC,Bacteria,Armatimonadota,Armatimonadia,Armatimonadales,NA,NA
CGGGACTTAACCCAACATCTCACGACACGAGCTGACGACAGCCATGCAACACCTGTCTTTGTGCCTCCTTGCGGAGGGGCTCAGCTTTCACTGAGTTACACGCGATGTCAAGCCTGGGTAAGGTTCTTCGGTTAGTGACGAATTAATCCACATGCTCCACCGCTTGTGCGGGCCCCCGTCAATTCCTTTGAGTTTCAACCTTGCGGCCGTACTCCCCAGGCGGAGTGCTTACTGCGTTAGCGGCGGCACCCGGGGGGTCGATACCCCGAACACCTAGCACTCATCGTTTACGGCGTGGACTAC,Bacteria,Armatimonadota,Armatimonadia,Armatimonadales,NA,NA
CGGGACTTAACCCAACATCTCACGACACGAGCTGACGACAGCCATGCAACACCTGTCTTTGTGCTCCCTTGCGGGAGGGCTCTGCTTTCACAGAGTTACACGCGATGTCAAGCCTGGGTAAGGTTCTTCGGTTAGTGACGAATTAATCCACATGCTCCACCGCTTGTGCGGGCCCCCGTCAATTCCTTTGAGTTTCAACCTTGCGGCCGTACTCCCCAGGCGGAGTGCTTACTGCGTTAGCGGCGGCACCCGGGGGGTCGATACCCCGAACACCTAGCACTCATCGTTTACGGCGTGGACTAC,Bacteria,Armatimonadota,Armatimonadia,Armatimonadales,NA,NA
CGGGACTTAACCCAACATCTCACGACACGAGCTGACGACAGCCATGCAACACCTGTCTTTGTGCTTCCTTGCGGAAGGGCTCAGCTTTCACTGAGTTACACGCGATGTCAAGCCTGGGTAAGGTTCTTCGGTTAGTGACGAATTAATCCACATGCTCCACCGCTTGTGCGGGCCCCCGTCAATTCCTTTGAGTTTCAACCTTGCGGCCGTACTCCCCAGGCGGAGTGCTTACTGCGTTAGCGGCGGCACCCGGGGGGTCGATACCCCGAACACCTAGCACTCATCGTTTACGGCGTGGACTAC,Bacteria,Armatimonadota,Armatimonadia,Armatimonadales,NA,NA
CGGGACTTAACCCAACACCTCACGGCACGAGCTGACGACAGCCATGCAGCACCTGAACCGGCAGTCCCCGAAGGGAAAATCCTATTTCTAGGATGGTCCGCCGTTGTCTAGCCCAGGTAAGGTTCTTCGCGTTGCGTCGAATTGAACCACATGCTCCACCGCTTGTGCGGGCCCCCGTCAATTCCTTTGAGTTTTAATCTTGCGACCGTACTCCCCAGGCGGGGCACTTAATGCGTTAGCTGCGGCACCCAGGGGGTCAATACCCCGGACACCTAGTGCCCATCGTTTACAGCGTGGACTAC,Bacteria,RCP2-54,NA,NA,NA,NA
CGGGACTTAACCCAACACCTCACGGCACGAGCTGACGACAGCCATGCAGCACCTGAACCGGCAGTCCCCGAAGGGAAGATCCTATTTCTAGGACGGTCCGCCGTTGTCTAGCCCAGGTAAGGTTCTTCGCGTTGCGTCGAATTGAACCACATGCTCCACCGCTTGTGCGGGCCCCCGTCAATTCCTTTGAGTTTTAATCTTGCGACCGTACTCCCCAGGCGGGGCACTTAATGCGTTAGCTGCGGCACCCAGGGGGTCAATACCCCGGACACCTAGTGCCCATCGTTTACAGCGTGGACTAC,Bacteria,RCP2-54,NA,NA,NA,NA
CGGGACTTAACCCAACACCTCACGGCACGAGCTGACGACAGCCATGCAGCACCTGAACCGGCAGTCCCCGAAGGGAAGATCCTATTTCTAGGATGGTCCGCCGTTGTCTAGCCCAGGTAAGGTTCTTCGCGTTGCGTCGAATTGAACCACATGCTCCACCGCTTGTGCGGGCCCCCGTCAATTCCTTTGAGTTTTAATCTTGCGACCGTACTCCCCAGGCGGGGCACTTAATGCGTTAGCTGCGGCACCCAGGGGGTCAATACCCCGGACACCTAGTGCCCATCGTTTACAGCGTGGACTAC,Bacteria,RCP2-54,NA,NA,NA,NA
CGGGACTTAACCCAACACCTCACGACACGAGCTGACGACAGCCATGCAGCACCTGTCTTGGGGCTCCCGAAGGCACCCTCTCCTTTCAGAGAGGTTCCCCAGATGTCAAACCCAGGTAAGGTTCTTCGCGTTGCTTCGAATTGAACCACATGCTCCACCGCTTGTGCGGGCCCCCGTCAATTCCTTTGAGTTTTAGTCTTGCGACCGTACTCCCCAGGCGGGGTGCTTAATGCGTTAGCTTCGGCACCGCGGGGGTCAATACCCACGACGCCTAGCACCCAACGTTTACAGCGCGGACTAC,Bacteria,NB1-j,NA,NA,NA,NA
CGGGACTTAACCCAACATCTCACGACACGAGCTGACGACAACCATGCACCACCTGTCTCCGATGCTCCGAAGAGGGGCCATATCTCTATGGCTTGCATCGGGATGTCAAGACCTGGTAAGGTTCTTCGCGTTGCTTCGAATTAAACCACATACTCCACTGCTTGTGCGGGTCCCCGTCAATTCCTTTGAGTTTCACTCTTGCGAGCGTACTCCCCAGGCGGAGTGCTTACTGTGTTTACTTCGGCACCAAGGGTATCGAAACCCCTAACACCTAGCACTCATCGTTTACGGCGTGGACTAC,Bacteria,Firmicutes,Bacilli,Paenibacillales,Paenibacillaceae,Paenibacillus
CGGGACTTAACCCAACATCTCACGACACGAGCTGACGACGGCCATGCAGCACCTGTGTTCAGATTCTCTTTCGAGCACTCCCACATCTCTGCAGGATCTCTGACATGTCAAGGGTAGGTAAGGTTTTTCGCGTTGCATCGAATTAAACCACATCATCCACCGCTTGTGCGGGTCCCCGTCAATTCCTTTGAGTTTCAACCTTGCGGCCGTACTCCCCAGGCGGTCAACTTCACGCGTTAGCTTCGTTACTGAACAGCAAGCCGTCCAACAACCAGTTGACATCGTTTAGGGCGTGGACTAC,Bacteria,Proteobacteria,Gammaproteobacteria,Burkholderiales,Comamonadaceae,Rhizobacter
CGGGACTTAACCCAACATCTCACGACACGAGCTGACGACAGCCATGCACCACCTGTGATCGAGTCCCGAAGGAGGGCTGAATTTCTCCAGCTTTCCCGACCATGTCAAGCCTTGGTAAGGTTCTTGGCGTCGCATCCAATTAAACCACATGCTCCGCTGCTTGTGCGGGCCCCCGTCAATTCCTTTGAGTTTTAGCCTTGCGGCCGTACTCCCCAGGCGGGGCGCTTAATGCGTTAGCTTCGGCACGGAAGGAGTCGACACCTCCCACACCTAGCGCCCATCGTTTACGGCGTGGACTAC,Bacteria,Actinobacteriota,Thermoleophilia,Gaiellales,Gaiellaceae,Gaiella
CGGGACTTAACCCAACATCTCACGACACGAGCTGACGACAGCCATGCAGCACCTGTCTCACGGTTCCCGAAGGCACCAATCCATCTCTGGAAAGTTCCGTGGATGTCAAGGCCAGGTAAGGTTCTTCGCGTTGCATCGAATTAAACCACATACTCCACCGCTTGTGCGGGCCCCCGTCAATTCCTTTGAGTTTCAGTCTTGCGACCGTACTCCCCAGGCGGCGAACTTAACGCGTTAGCTTCGATACTGAGTGCCTAGTTGCACCCAACATCCAGTTCGCATCGTTTAGGGCGTGGACTAC,Bacteria,Proteobacteria,Gammaproteobacteria,Xanthomonadales,Xanthomonadaceae,Luteimonas
CGGGACTTAACCCAACATCTCACGACACGAGCTGACGACAGCCATGCAGCACCTGTGTTAACGTTCTCTTTCGAGCACCAATCCATCTCTGGAAAGTTCGTTACATGTCAAGGCCAGGTAAGGTTTTTCGCGTTGCATCGAATTAATCCACATAATCCACCGCTTGTGCGGGCCCCCGTCAATTCATTTGAGTTTTAATCTTGCGACCGTACTCCCCAGGCGGTCTACTTCACGCGTTAGCTGCGTTACTCATGGATTTTACTCCACCAACAACTAGTAGACATCGTTTAGGGCGTGGACTAC,Bacteria,Proteobacteria,Gammaproteobacteria,Burkholderiales,Methylophilaceae,Methylotenera
CGGGACTTAACCCAACATCTCACGACACGAGCTGACGACAACCATGCACCACCTGTGAACCGGCCCCAAAAGGAGAAACCACATCTCTGCGGCGGTCCGGTCCATGTCAAGCCTTGGTAAGGTTCTTCGCGTTGCATCGAATTAATCCGCATGCTCCGCCGCTTGTGCGGGCCCCCGTCAATTCCTTTGAGTTTTAGCCTTGCGGCCGTACTCCCCAGGCGGGGCACTTAATGCGTTAGCTACGGCGCGGAAAACGTGGAATGTCCCCCACACCTAGTGCCCAACGTTTACGGCATGGACTAC,Bacteria,Actinobacteriota,Actinobacteria,Micrococcales,Micrococcaceae,Arthrobacter
CGGGACTTAACCCAACATCTCACGACACGAGCTGACGACAGCCATGCAGCACCTGTGTTCCAGTCCCCGAAGGGAAGAGATCCATCTCTGGAAATCGTCCGGACATGTCAAACGCTGGTAAGGTTCTGCGCGTTGCTTCGAATTAAACCACATGCTCCACCGCTTGTGCAGGCCCCCGTCAATTCCTTTGAGTTTTAATCTTGCGACCGTACTCCCCAGGCGGATAACTTAATGCGTTAGCTGCGCCACCCAAATGCCAAGCACCCGGACAGCTAGTTATCATCGTTTACGGCGTGGACTAC,Bacteria,Proteobacteria,Alphaproteobacteria,Sphingomonadales,Sphingomonadaceae,Sphingomonas
CGGGACTTAACCCAACATCTCACGACACGAGCTGACGACAGCCATGCAGCACCTGTGTCCAAGTCCCCGAAGGGAAGAAATCCATCTCTGGAAGTCGTCTTGGCATGTCAAGGGCTGGTAAGGTTCTTCGCGTTGCTTCGAATTAAACCACATGCTCCACCGCTTGTGCGGGCCCCCGTCAATTCCTTTGAGTTTTAATCTTGCGACCGTACTCCCCAGGCGGAGAGCTTAATGCGTTAGCTGCGCCACTGAAGAGTAAACTCTCCAACGGCTAGCTCTCATAGTTTACGGCGTGGACTAC,Bacteria,Proteobacteria,Alphaproteobacteria,Rhizobiales,Devosiaceae,Devosia
CGGGACTTAACCCAACATCTCACGACACGAGCTGACGACAGCCATGCACCACCTGTACACCGACTAAAAGGGGCTACATCTCTGCAGCTTTCCGGTGTATGTCAAACCCAGGTAAGGTTCTTCGCGTTGCATCGAATTAATCCGCATGCTCCGCCGCTTGTGCGGGCCCCCGTCAATTCCTTTGAGTTTTAGCCTTGCGGCCGTACTCCCCAGGCGGGGCGCTTAATGCGTTAGCTGCGGCACGGAACCCATGGAATAGGCCCCACACCTAGCGCCCAACGTTTACGGTGTGGACTAC,Bacteria,Actinobacteriota,Actinobacteria,Propionibacteriales,Nocardioidaceae,Nocardioides
CGGGACTTAACCCAACATCTCACGACACGAGCTGACGACAGCCATGCAGCACCTGTGTTACGGCTCTCTTTCGAGCACGCCCGAATCTCTCCGGGCTTCCGTACATGTCAAGGGTAGGTAAGGTTTTTCGCGTTGCATCGAATTAATCCACATCATCCACCGCTTGTGCGGGTCCCCGTCAATTCCTTTGAGTTTTAATCTTGCGACCGTACTCCCCAGGCGGTCAACTTCACGCGTTAGCTGCGTTACCAAGTCAATTAAGACCCGACAACTAGTTGACATCGTTTAGGGCGTGGACTAC,Bacteria,Proteobacteria,Gammaproteobacteria,Burkholderiales,Oxalobacteraceae,Noviherbaspirillum
CGGGACTTAACCCAACATCTCACGACACGAGCTGACGACAACCATGCACCACCTGTCATCCTGTCCCCGAAGGGACTTCCTCGATTAAGAGTAATGCAGGAGATGTCAAGTCTAGGTAAGGTTCTTCGCGTTGCTTCGAATTAAACCACATGCTCCGCTGCTTGTGCGGGCCCCCGTCAATTCCTTTGAGTTTTAATCTTGCGACCGTACTCCCCAGGCGGAATACTTAATGCGTTAGCGGCGGCACAGAGGTCATGACAACCCCTACACCTAGTATTCATCGTTTACGGCGTGGACTAC,Bacteria,Firmicutes,Clostridia,Clostridiales,Clostridiaceae,Clostridium sensu stricto 1
CGGGACTTAACCCAACATCTCACGACACGAGCTGACGACAGCCATGCAGCACCTGTGTCCCGACCCATTGCTGGGAGGAATCCGTTTCCGGAAACCGTCCGGGCATGTCAAGGCTTGGTAAGGTTCTTCGCGTTGCGTCGAATTGAACCACATGCTCCACCGCTTGTGCGGGCCCCCGTCAATTCCTTTGAGTTTTAACCTTGCGGCCGTACTCCCCAGGCGGGATGCTTAATGCGTTAGCTGCGCCACCGACAAGCAAGCTTGCCAACGGCTAGCATCCATCGTTTACGGCGTGGACTAC,Bacteria,Proteobacteria,Alphaproteobacteria,Rhizobiales,Hyphomicrobiaceae,Pedomicrobium
CGGGACTTAACCCAACATCTCACGACACGAGCTGACGACAGCCATGCAGCACCTGTGCACCTGTCCCGAAGGAATGGCACCGTCTCCGGTACCGTCAGGGCATGTCAAGGGCTGGTAAGGTTCTGCGCGTTGCTTCGAATTAAACCACATGCTCCACCGCTTGTGCGGGCCCCCGTCAATTCCTTTGAGTTTTAATCTTGCGACCGTACTCCCCAGGCGGGAAGCTTAATGCGTTTGCTGCGCCACCGAAAGGTAAACCCCCCGACGGCTAGCTTCCATCGTTTACGGCGTGGACTAC,Bacteria,Proteobacteria,Alphaproteobacteria,Rhizobiales,Rhizobiaceae,Aureimonas
CGGGACTTAACCCAACATCTCACGACACGAGCTGACGACAGCCATGCAGCACCTGTGTGCGCGCCCCCGAAGGGGACCCCAGATCTCTCTGGGTAACACGCCATGTCAAAGGATGGTAAGGTTCTGCGCGTTGCTTCGAATTAAACCACATGCTCCACCGCTTGTGCGGGCCCCCGTCAATTCCTTTGAGTTTTAATCTTGCGACCGTACTCCCCAGGCGGAATGCTCAAAGCGTTAGCTGCGCTACTGCGGTGCAAGCACCCCAACAGCTGGCATTCATCGTTTACGGCGTGGACTAC,Bacteria,Proteobacteria,Alphaproteobacteria,Rhizobiales,Beijerinckiaceae,Methylobacterium-Methylorubrum
CGGGACTTAACCCAACATCTCACGACACGAGCTGACGACAACCATGCACCACCTGTCACCTCTGTCCCGAAGGCCGCCTCTATCTCTAGAGGATTCAGAGGGATGTCAAGACTTGGTAAGGTTCTTCGCGTTGCTTCGAATTAAACCACATACTCCACTGCTTGTGCGGGTCCCCGTCAATTCCTTTGAGTTTCAGTCTTGCGACCGTACTCCCCAGGCGGAATGCTTAATGTGTTAACTTCGGCACCAAGGGTATCGAAACCCCTAACACCTAGCATTCATCGTTTACGGCGTGGACTAC,Bacteria,Firmicutes,Bacilli,Paenibacillales,Paenibacillaceae,Paenibacillus
CGGGACTTAACCCAACATCTCACGACACGAGCTGACGACAGCCATGCACCACCTGTACACGATCCCGTAAGGACCCGACATCTCTGCCGGATTACCGTGTATGTCAAGCCTTGGTAAGGTTCTTCGCGTTGCGTCGAATTAAGCCACATGCTCCGCCGCTTGTGCGGGCCCCCGTCAATTCCTTTGAGTTTTAGCCTTGCGGCCGTACTCCCCAGGCGGGGCGCTTAATGCGTTAGCTACGGCACAGAGGACGTGGAATGTCCCCCACACCTAGCGCCCAACGTTTACGGCGTGGACTAC,Bacteria,Actinobacteriota,Actinobacteria,Streptosporangiales,Streptosporangiales Incertae Sedis,Motilibacter
CGGGACTTAACCCAACATCTCACGACACGAGCTGACGACAGCCATGCACCACCTGTATACCGACCTTGCGGGGGCTACATCTCTGCAGCTTTCCGGTATATGTCAAACCTAGGTAAGGTTCTTCGCGTTGCATCGAATTAATCCGCATGCTCCGCCGCTTGTGCGGGCCCCCGTCAATTCCTTTGAGTTTTAGCCTTGCGGCCGTACTCCCCAGGCGGGGCACTTAATGCGTTAGCTACGGCACGGAACTCGTGGAATGAGTCCCACACCTAGTGCCCACCGTTTACGGCGTGGACTAC,Bacteria,Actinobacteriota,Actinobacteria,Propionibacteriales,Propionibacteriaceae,Microlunatus
CGGGACTTAACCCAACATCTCACGACACGAGCTGACGACAACCATGCACCACCTGTCTCCGATGCTCCGAAGAGGGGCACTATCTCTAATGCTTTCATCGGGATGTCAAGACCTGGTAAGGTTCTTCGCGTTGCTTCGAATTAAACCACATACTCCACTGCTTGTGCGGGTCCCCGTCAATTCCTTTGAGTTTCAGTCTTGCGACCGTACTCCCCAGGCGGAGTGCTTACTGTGTTAACTTCGGCACCAAGGGTATCGAAACCCCTAACACCTAGCACTCATCGTTTACGGCGTGGACTAC,Bacteria,Firmicutes,Bacilli,Paenibacillales,Paenibacillaceae,Paenibacillus
CGGGACTTAACCCAACATCTCACGACACGAGCTGACGACAACCATGCACCACCTGTCACTCTGTCCCCCGAAGGGGAACGCTCTATCTCTAGAGTTGTCAGAGGATGTCAAGACCTGGTAAGGTTCTTCGCGTTGCTTCGAATTAAACCACATGCTCCACCGCTTGTGCGGGCCCCCGTCAATTCCTTTGAGTTTCAGTCTTGCGACCGTACTCCCCAGGCGGAGTGCTTAATGCGTTAGCTGCAGCACTAAAGGGCGGAAACCCTCTAACACTTAGCACTCATCGTTTACGGCGTGGACTAC,Bacteria,Firmicutes,Bacilli,Bacillales,Bacillaceae,Bacillus
CGGGACTTAACCCAACATCTCACGACACGAGCTGACGACAGCCATGCAGCACCTGTAACGGCCCCCCGAAGGGAAGCCCCGCTCTCACGAGGCCGTAGCCGCCATGTCAAGGGCTGGTAAGGTTCTGCGCGTTGCGTCGAATTAAACCACATGCTCCACCGCTTGTGCGGGCCCCCGTCAATTCCTTTGAGTTTTAACCTTGCGGCCGTACTCCCCAGGCGGTGGGCTTACCGCGTTAGCTCCGGCACCGAGGGGCAAGCCCCCCGACGCCCAGCCCACATCGTTTAGGGCGTGGACTAC,Bacteria,Proteobacteria,Alphaproteobacteria,Tistrellales,Geminicoccaceae,Candidatus Alysiosphaera
CGGGACTTAACCCAACATCTCACGACACGAGCTGACGACAGCCATGCAGCACCTGTGCGCCGGTTCTCTTTCGAGCACTCCCGCATCTCTGCAGGATTCCGACCATGTCAAGGGTAGGTAAGGTTTTTCGCGTTGCATCGAATTAATCCACATCATCCACCGCTTGTGCGGGTCCCCGTCAATTCCTTTGAGTTTTAATCTTGCGACCGTACTCCCCAGGCGGTCAACTTCACGCGTTAGCTGCGTTACCAAGTCAATTAAGACCCGACAACTAGTTGACATCGTTTAGGGCGTGGACTAC,Bacteria,Proteobacteria,Gammaproteobacteria,Burkholderiales,Oxalobacteraceae,Noviherbaspirillum
CGGGACTGAACCCAACATCTCACGACACGAGCTGACGACAACCATGCACCACCTGTCACCATTGCCCCGAAGGGAATCTCTATCTCTAGAGAGGTCAATGGGATGTCAAGCCTTGGTAAGGTTCTTCGCGTTGCTTCGAATTAAACCACATGCTCCACCGCTTGTGCGGGCCCCCGTCAATTCCTTTGAGTTTCAACCTTGCGGTCGTACTCCCCAGGCGGAGTGCTTAATGGGTTTCCTTCGGCACTGAGGACGTGATGCCCCCAACACCTAGCACTCATCGTTTACGGCGTGGACTAC,Bacteria,Firmicutes,Bacilli,Thermoactinomycetales,Thermoactinomycetaceae,Shimazuella
CGGGACTTAACCCAACATCTCACGACACGAGCTGACGACAACCATGCACCACCTGTGCACGACCCTTTAAAGGACCTGCCATCTCTGACAGATTTCCGTGCATGTCAAGCCTAGGTAAGGTTCTTCGCGTTGCATCGAATTAAGCAACATGCTCCGCCGCTTGTGCGGGCCCCCGTCAATTCCTTTGAGTTTTAGCCTTGCGGCCGTACTCCCCAGGCGGGGCGCTTAATGCGTTAGCTGCGGCACGGAGACCGTGGAATGGCCCCCACACCTAGCGCCCAACGTTTACGGCGTGGACTAC,Bacteria,Actinobacteriota,Actinobacteria,Frankiales,Geodermatophilaceae,Modestobacter
CGGGACTTAACCCAACATCTCACGACACGAGCTGACGACAGCCATGCAGCACCTGTGTGTAGGTCCCGTAAGGGAAGGAATCCATCTCTGGAAACCGTCCTACCATGTCAAACGCTGGTAAGGTTCTGCGCGTTGCTTCGAATTAAACCACATGCTCCACCGCTTGTGCAGGCCCCCGTCAATTTCTTTGAGTTTTAACCTTGCGGCCGTACTCCCCAGGCGGATGACTTAACGCGTTAGCTGCGCCACCGAAACGCTAAGCGCCCCGACAGCTAGTCATCATCGTTTACGGCGTGGACTAC,Bacteria,Proteobacteria,Alphaproteobacteria,Sphingomonadales,Sphingomonadaceae,Sphingomonas
CGGGACTTAACCCAACATCTCACGACACGAGCTGACGACAACCATGCACCACCTGTCACTCTGTCCCCCGAAGGGGAACGTCCTATCTCTAGGAGTGTCAGAGGATGTCAAGACCTGGTAAGGTTCTTCGCGTTGCTTCGAATTAAACCACATGCTCCACCGCTTGTGCGGGCCCCCGTCAATTCCTTTGAGTTTCAGCCTTGCGGCCGTACTCCCCAGGCGGAGTGCTTAATGCGTTAGCTGCAGCACTAAAGGGCGGAAACCCTCTAACACTTAGCACTCATCGTTTACGGCGTGGACTAC,Bacteria,Firmicutes,Bacilli,Bacillales,Bacillaceae,Bacillus
CGGGACTTAACCCAACATCTCACGACACGAGCTGACGACAGCCATGCAGCACCTGTGTCCAAGTCCCCGAAGGGAAGAAATCCATCTCTGGAAGTCGTCTTGGCATGTCAAGGGCTGGTAAGGTTCTTCGCGTTGCTTCGAATTAAACCACATGCTCCACCGCTTGTGCGGGCCCCCGTCAATTCCTTTGAGTTTTAATCTTGCGACCGTACTCCCCAGGCGGAGAGCTTAATGCGTTAGCTGCGCCACTGAGAGATAAATCTCCCAACGGCTAGCTCTCATAGTTTACGGCGTGGACTAC,Bacteria,Proteobacteria,Alphaproteobacteria,Rhizobiales,Devosiaceae,Devosia
CGGGACTTAACCCAACATCTCACGACACGAGCTGACGACAGCCATGCAGCACCTGTGTCTAGGTTCCCTTTCGGGCACTCCTGCATTTCTGCAGGATTCCTAGCATGTCAAGGGTAGGTAAGGTTTTTCGCGTTGCATCGAATTAAACCACATCATCCACCGCTTGTGCGGGCCCCCGTCAATTCCTTTGAGTTTTAATCTTGCGACCGTACTCCCCAGGCGGATGACTTCACGCGTTAGCTGCGTTACTAAAGGATTTAACTCCTCCAACAACTAGTCATCATCGTTTAGGGCGTGGACTAC,Bacteria,Proteobacteria,Gammaproteobacteria,Burkholderiales,Nitrosomonadaceae,MND1
CCGGACTTAACCGAACATCTCACGACACGAGCTGACGACAGCCATGCAGCACCTGTGTCCCTGTCCCTTGCGGGAAAAACCTGTCTCCAGGCCGGTCAGGGCATGTCAAGGGTTGGTAAGGTTCTGCGCGTTGCTTCGAATTAAACCACATGCTCCACCGCTTGTGCGGGCCCCCGTCAATTCCTTTGAGTTTTAATCTTGCGACCGTACTCCCCAGGCGGAATGCTTAATCCGTTAGGTGTGACACCGAAGGGCAAGCCCCCCGACGTCTGGCATTCATCGTTTACGGCGTGGACTAC,Bacteria,Proteobacteria,Alphaproteobacteria,Rhodobacterales,Rhodobacteraceae,Rubellimicrobium
CGGGACTTAACCCAACATCTCACGACACGAGCTGACGACAGCCATGCAGCACCTGTCTTGGGTCCAGCCTAACTGAAGGACAATGTCTCCACTGTCCGCGACCCAGATGTCAAGGGCTGGTAAGGTTCTGCGCGTTGCTTCGAATTAAACCACATGCTCCACCGCTTGTGCGGGCCCCCGTCAATTCCTTTGAGTTTTAATCTTGCGACCGTACTCCCCAGGCGGAATGTTTAATGCGTTAGCTGCGCCACCGAACAGTAAACTGCCCGACGGCTAACATTCATCGTTTACGGCGTGGACTAC,Bacteria,Proteobacteria,Alphaproteobacteria,Rhizobiales,Rhizobiaceae,Ciceribacter
CGGGACTTAACCCAACATCTCACGACACGAGCTGACGACAGCCATGCACCACCTGCACACCAACCACAAGGGAACGCCTATCTCTAGACGCGTCTGGCGCATGTCAAACCCAGGTAAGGTTCTTCGCGTTGCATCGAATTAATCCACATGCTCCGCCGCTTGTGCGGGCCCCCGTCAATTCCTTTGAGTTTTAGCCTTGCGGCCGTACTCCCCAGGCGGGGCGCTTAATGCGTTAGCTACGGCACAGAGACCGTGGAATGGCCCCCACACCTAGCGCCCAACGTTTACGGCGTGGACTAC,Bacteria,Actinobacteriota,Actinobacteria,Pseudonocardiales,Pseudonocardiaceae,Pseudonocardia
CGGGACTTAACCCAACATCTCACGACACGAGCTGACGACAGCCATGCAGCACCTGTCACCGCGTCCCCGAAGGGAACTCCAAATCTCTCTGGATAGCGCGGGATGTCAAACGCTGGTAAGGTTCTGCGCGTTGCTTCGAATTAAACCACATGCTCCACCGCTTGTGCAGGCCCCCGTCAATTCCTTTGAGTTTTAATCTTGCGACCGTACTCCCCAGGCGGATAACTTAATGCGTTAGCTGCGCCACTCAAGCACCAAGTGCCCGAACAGCTAGTTATCATCGTTTACGGCGTGGACTAC,Bacteria,Proteobacteria,Alphaproteobacteria,Sphingomonadales,Sphingomonadaceae,Novosphingobium
CGGGACTTAACCCAACATCTCACGACACGAGCTGACGACAGCCATGCAGCACCTGTGCGGCGTCCGGCCGAACCGAAAGGTGGATCTCTCCACCCGCGACGCCCATGTCAAGGGCTGGTAAGGTTCTGCGCGTTGCTTCGAATTAAACCACATGCTCCACCGCTTGTGCGGGCCCCCGTCAATTCCTTTGAGTTTTAACCTTGCGGCCGTACTCCCCAGGCGGAGTGCTTAATGCGTTAGCTGCGACACCGAAGCTCCAAGAGCCCCGACGTCTAGCACTCATCGTTTACGGCGTGGACTAC,Bacteria,Proteobacteria,Alphaproteobacteria,Azospirillales,Azospirillaceae,Skermanella
